[{"model": "organization.schema", "fields": {"description": null, "name": "Business Calculus"}, "pk": 1}, {"model": "organization.schema", "fields": {"description": "", "name": "Fake Schema"}, "pk": 2}, {"model": "organization.schema", "fields": {"description": "", "name": "Fake Schema 2"}, "pk": 3}, {"model": "organization.objective", "fields": {"description": null, "questions": [3, 4, 5], "name": "Explore limits of functions graphically, numerically, and algebraically.", "comment": null}, "pk": 1}, {"model": "organization.objective", "fields": {"description": null, "questions": [], "name": "Identify properties of limits.", "comment": null}, "pk": 2}, {"model": "organization.objective", "fields": {"description": null, "questions": [], "name": "Compute one-sided limits.", "comment": null}, "pk": 3}, {"model": "organization.objective", "fields": {"description": null, "questions": [], "name": "Compute infinite limits and recognize that such limits do not exist", "comment": null}, "pk": 4}, {"model": "organization.objective", "fields": {"description": null, "questions": [1], "name": "Distinguish between vertical asymptotes and holes", "comment": null}, "pk": 5}, {"model": "organization.objective", "fields": {"description": null, "questions": [], "name": "Find limits at infinity of polynomial and rational functions", "comment": null}, "pk": 6}, {"model": "organization.objective", "fields": {"description": null, "questions": [], "name": "Represent limits at infinity as horizontal asymptotes", "comment": null}, "pk": 7}, {"model": "organization.objective", "fields": {"description": null, "questions": [6], "name": "Determine whether a function is continuous at a point", "comment": null}, "pk": 8}, {"model": "organization.objective", "fields": {"description": null, "questions": [], "name": "Determine the intervals over which a function is continuous", "comment": null}, "pk": 9}, {"model": "organization.objective", "fields": {"description": null, "questions": [1, 2], "name": "Create sign charts showing where functions are positive/negative", "comment": null}, "pk": 10}, {"model": "organization.objective", "fields": {"description": null, "questions": [], "name": "Solve inequalities using sign charts", "comment": null}, "pk": 11}, {"model": "organization.objective", "fields": {"description": null, "questions": [], "name": "Explore the difference quotient as it relates to secant lines and tangent lines", "comment": null}, "pk": 12}, {"model": "organization.objective", "fields": {"description": null, "questions": [], "name": "Define the derivative of a function", "comment": null}, "pk": 13}, {"model": "organization.objective", "fields": {"description": null, "questions": [], "name": "Use the limit definition of derivative to calculate the derivative of a function", "comment": null}, "pk": 14}, {"model": "organization.objective", "fields": {"description": null, "questions": [], "name": "Calculate the slope of the line tangent to function", "comment": null}, "pk": 15}, {"model": "organization.objective", "fields": {"description": null, "questions": [], "name": "View derivative as rates of change", "comment": null}, "pk": 16}, {"model": "organization.objective", "fields": {"description": null, "questions": [], "name": "Define nondifferentiable and see elementary examples of such functions", "comment": null}, "pk": 17}, {"model": "organization.objective", "fields": {"description": null, "questions": [], "name": "Learn basic properties of derivatives", "comment": null}, "pk": 18}, {"model": "organization.objective", "fields": {"description": null, "questions": [], "name": "Compute increments", "comment": null}, "pk": 19}, {"model": "organization.objective", "fields": {"description": null, "questions": [], "name": "Develop differentials and use them to approximate increments", "comment": null}, "pk": 20}, {"model": "organization.objective", "fields": {"description": null, "questions": [], "name": "Compute marginal cost, revenue, and profit", "comment": null}, "pk": 21}, {"model": "organization.objective", "fields": {"description": null, "questions": [], "name": "Interpret marginal cost, revenue, and profit as it applies to business/economic applications", "comment": null}, "pk": 22}, {"model": "organization.objective", "fields": {"description": null, "questions": [], "name": "Compute average cost, revenue, and profit", "comment": null}, "pk": 23}, {"model": "organization.objective", "fields": {"description": null, "questions": [], "name": "Compute marginal average cost, revenue, and profit", "comment": null}, "pk": 24}, {"model": "organization.objective", "fields": {"description": null, "questions": [], "name": "Interpret marginal average cost, revenue, and profit as it applies to business/economic applications", "comment": null}, "pk": 25}, {"model": "organization.objective", "fields": {"description": null, "questions": [], "name": "Find the derivatives of $e^x$", "comment": null}, "pk": 26}, {"model": "organization.objective", "fields": {"description": null, "questions": [], "name": "Find the derivatives of $\\ln x$", "comment": null}, "pk": 27}, {"model": "organization.objective", "fields": {"description": null, "questions": [], "name": "Find the derivatives of other exponential and logarithmic functions.", "comment": null}, "pk": 28}, {"model": "organization.objective", "fields": {"description": null, "questions": [], "name": "Find derivatives of product functions", "comment": null}, "pk": 29}, {"model": "organization.objective", "fields": {"description": null, "questions": [], "name": "Find derivatives of  quotient functions", "comment": null}, "pk": 30}, {"model": "organization.objective", "fields": {"description": null, "questions": [], "name": "Find derivatives of composed functions", "comment": null}, "pk": 31}, {"model": "organization.objective", "fields": {"description": null, "questions": [], "name": "Use implicit differentiation to find derivatives", "comment": null}, "pk": 32}, {"model": "organization.objective", "fields": {"description": null, "questions": [], "name": "Really short", "comment": null}, "pk": 33}, {"model": "organization.objective", "fields": {"description": "", "questions": [], "name": "Moo loudly", "comment": ""}, "pk": 34}, {"model": "organization.objective", "fields": {"description": "", "questions": [], "name": "moo quietly", "comment": ""}, "pk": 35}, {"model": "organization.objective", "fields": {"description": "", "questions": [], "name": "moo quietly", "comment": ""}, "pk": 36}, {"model": "organization.topic", "fields": {"description": null, "order": 1, "name": "Limits and Continuity", "comment": null, "schema": 1}, "pk": 1}, {"model": "organization.topic", "fields": {"description": null, "order": 2, "name": "Derivatives", "comment": null, "schema": 1}, "pk": 2}, {"model": "organization.topic", "fields": {"description": "", "order": 0, "name": "Blah", "comment": "", "schema": 3}, "pk": 21}, {"model": "organization.subtopic", "fields": {"objectives": [1, 2, 3], "order": 2, "name": "Introduction to Limits", "topic": 1, "description": null, "comment": null}, "pk": 1}, {"model": "organization.subtopic", "fields": {"objectives": [4, 5, 6, 7], "order": 6, "name": "Infinite Limits and Limits at Infinity", "topic": 1, "description": null, "comment": null}, "pk": 2}, {"model": "organization.subtopic", "fields": {"objectives": [8, 9, 10, 11], "order": 10, "name": "Continuity! The Musical!", "topic": 1, "description": "", "comment": ""}, "pk": 3}, {"model": "organization.subtopic", "fields": {"objectives": [12, 13, 14, 15, 16, 17, 18], "order": 17, "name": "The Derivative", "topic": 2, "description": null, "comment": null}, "pk": 4}, {"model": "organization.subtopic", "fields": {"objectives": [19, 20], "order": 19, "name": "Differentials", "topic": 2, "description": null, "comment": null}, "pk": 5}, {"model": "organization.subtopic", "fields": {"objectives": [21, 22, 23, 24, 25], "order": 24, "name": "Marginal Analysis", "topic": 2, "description": null, "comment": null}, "pk": 6}, {"model": "organization.subtopic", "fields": {"objectives": [26, 27, 28], "order": 27, "name": "Derivatives of Exponentials and Logarithms", "topic": 2, "description": null, "comment": null}, "pk": 7}, {"model": "organization.subtopic", "fields": {"objectives": [29], "order": 28, "name": "Product Rule ", "topic": 2, "description": null, "comment": null}, "pk": 8}, {"model": "organization.subtopic", "fields": {"objectives": [30], "order": 29, "name": "Quotient Rule", "topic": 2, "description": null, "comment": null}, "pk": 9}, {"model": "organization.subtopic", "fields": {"objectives": [31], "order": 30, "name": "Chain Rule", "topic": 2, "description": null, "comment": null}, "pk": 10}, {"model": "organization.subtopic", "fields": {"objectives": [32], "order": 31, "name": "Implicit Differentiation", "topic": 2, "description": null, "comment": null}, "pk": 11}, {"model": "organization.coursetype", "fields": {"textbook": null, "name": "fake", "schema": 1}, "pk": 1}, {"model": "organization.course", "fields": {"end_date": "2013-04-10", "course_type": 1, "start_date": "2013-02-10", "instructor": 1, "assistants": [], "description": "Just a fake course", "is_active": true, "semester": "", "name": "Fake Course #1"}, "pk": 1}]