[{"model": "contenttypes.contenttype", "fields": {"model": "logentry", "app_label": "admin", "name": "log entry"}, "pk": 1}, {"model": "contenttypes.contenttype", "fields": {"model": "permission", "app_label": "auth", "name": "permission"}, "pk": 2}, {"model": "contenttypes.contenttype", "fields": {"model": "group", "app_label": "auth", "name": "group"}, "pk": 3}, {"model": "contenttypes.contenttype", "fields": {"model": "user", "app_label": "auth", "name": "user"}, "pk": 4}, {"model": "contenttypes.contenttype", "fields": {"model": "contenttype", "app_label": "contenttypes", "name": "content type"}, "pk": 5}, {"model": "contenttypes.contenttype", "fields": {"model": "session", "app_label": "sessions", "name": "session"}, "pk": 6}, {"model": "contenttypes.contenttype", "fields": {"model": "migrationhistory", "app_label": "south", "name": "migration history"}, "pk": 7}, {"model": "contenttypes.contenttype", "fields": {"model": "question", "app_label": "questions", "name": "question"}, "pk": 8}, {"model": "contenttypes.contenttype", "fields": {"model": "randvar", "app_label": "questions", "name": "rand var"}, "pk": 9}, {"model": "contenttypes.contenttype", "fields": {"model": "condition", "app_label": "questions", "name": "condition"}, "pk": 10}, {"model": "contenttypes.contenttype", "fields": {"model": "answerchoice", "app_label": "questions", "name": "answer choice"}, "pk": 13}, {"model": "contenttypes.contenttype", "fields": {"model": "foo", "app_label": "simplified", "name": "foo"}, "pk": 19}, {"model": "contenttypes.contenttype", "fields": {"model": "bar", "app_label": "simplified", "name": "bar"}, "pk": 20}, {"model": "contenttypes.contenttype", "fields": {"model": "badcodewarning", "app_label": "questions", "name": "bad code warning"}, "pk": 21}, {"model": "contenttypes.contenttype", "fields": {"model": "documentrecipe", "app_label": "practicedocs", "name": "document recipe"}, "pk": 22}, {"model": "contenttypes.contenttype", "fields": {"model": "blockrecipe", "app_label": "practicedocs", "name": "block recipe"}, "pk": 23}, {"model": "contenttypes.contenttype", "fields": {"model": "document", "app_label": "practicedocs", "name": "document"}, "pk": 24}, {"model": "contenttypes.contenttype", "fields": {"model": "exercise", "app_label": "practicedocs", "name": "exercise"}, "pk": 25}, {"model": "contenttypes.contenttype", "fields": {"model": "block", "app_label": "practicedocs", "name": "block"}, "pk": 26}, {"model": "contenttypes.contenttype", "fields": {"model": "schema", "app_label": "organization", "name": "schema"}, "pk": 27}, {"model": "contenttypes.contenttype", "fields": {"model": "objective", "app_label": "organization", "name": "objective"}, "pk": 28}, {"model": "contenttypes.contenttype", "fields": {"model": "topic", "app_label": "organization", "name": "topic"}, "pk": 29}, {"model": "contenttypes.contenttype", "fields": {"model": "subtopic", "app_label": "organization", "name": "subtopic"}, "pk": 30}, {"model": "contenttypes.contenttype", "fields": {"model": "validation", "app_label": "questions", "name": "validation"}, "pk": 31}, {"model": "contenttypes.contenttype", "fields": {"model": "examrecipe", "app_label": "exams", "name": "exam recipe"}, "pk": 32}, {"model": "contenttypes.contenttype", "fields": {"model": "exampartrecipe", "app_label": "exams", "name": "exam part recipe"}, "pk": 33}, {"model": "contenttypes.contenttype", "fields": {"model": "examrecipeitem", "app_label": "exams", "name": "exam recipe item"}, "pk": 34}, {"model": "contenttypes.contenttype", "fields": {"model": "examrecipequestion", "app_label": "exams", "name": "exam recipe question"}, "pk": 35}, {"model": "contenttypes.contenttype", "fields": {"model": "examrecipepool", "app_label": "exams", "name": "exam recipe pool"}, "pk": 36}, {"model": "contenttypes.contenttype", "fields": {"model": "exam", "app_label": "exams", "name": "exam"}, "pk": 37}, {"model": "contenttypes.contenttype", "fields": {"model": "exampart", "app_label": "exams", "name": "exam part"}, "pk": 38}, {"model": "contenttypes.contenttype", "fields": {"model": "examquestion", "app_label": "exams", "name": "exam question"}, "pk": 39}, {"model": "contenttypes.contenttype", "fields": {"model": "examanswerchoice", "app_label": "exams", "name": "exam answer choice"}, "pk": 40}, {"model": "contenttypes.contenttype", "fields": {"model": "meep", "app_label": "simplified", "name": "meep"}, "pk": 41}, {"model": "contenttypes.contenttype", "fields": {"model": "generatedset", "app_label": "exams", "name": "generated set"}, "pk": 42}, {"model": "contenttypes.contenttype", "fields": {"model": "formattingpreferences", "app_label": "exams", "name": "formatting preferences"}, "pk": 43}, {"model": "contenttypes.contenttype", "fields": {"model": "textbook", "app_label": "organization", "name": "textbook"}, "pk": 44}, {"model": "contenttypes.contenttype", "fields": {"model": "coursetype", "app_label": "organization", "name": "course type"}, "pk": 45}, {"model": "contenttypes.contenttype", "fields": {"model": "course", "app_label": "organization", "name": "course"}, "pk": 46}, {"model": "sessions.session", "fields": {"session_data": "MGUzZDYwZWNmYzUxYmQwZTA5YjlkOGY0MjQ2NDc4ZjEwMDZiMGFjYzp7Il9hdXRoX3VzZXJfYmFja2VuZCI6ImRqYW5nby5jb250cmliLmF1dGguYmFja2VuZHMuTW9kZWxCYWNrZW5kIiwiX2F1dGhfdXNlcl9pZCI6MX0=", "expire_date": "2014-08-23T16:07:19.160Z"}, "pk": "0j80xty5gejw08irozrj3fw7epv75yr0"}, {"model": "sessions.session", "fields": {"session_data": "MTc5NjFkZTc4NjI3YWYzZDNhZmY4MThiN2ZhODhjY2QxZDY3ODZhYzp7fQ==", "expire_date": "2014-04-23T20:09:37.523Z"}, "pk": "2dm3p5e6e48s6eryr3957dwywpaa4fx4"}, {"model": "sessions.session", "fields": {"session_data": "NDhlZmIxMjk5YzY2YTU1YmYwNDkyYmUwOTk4NWFlNjk2MGU5OTgyNTp7Il9hdXRoX3VzZXJfaWQiOjEsIl9hdXRoX3VzZXJfYmFja2VuZCI6ImRqYW5nby5jb250cmliLmF1dGguYmFja2VuZHMuTW9kZWxCYWNrZW5kIn0=", "expire_date": "2014-08-23T18:30:44.557Z"}, "pk": "3xa97u9scbshgf9y1y3jjqq6xbv38u0p"}, {"model": "sessions.session", "fields": {"session_data": "NDhlZmIxMjk5YzY2YTU1YmYwNDkyYmUwOTk4NWFlNjk2MGU5OTgyNTp7Il9hdXRoX3VzZXJfaWQiOjEsIl9hdXRoX3VzZXJfYmFja2VuZCI6ImRqYW5nby5jb250cmliLmF1dGguYmFja2VuZHMuTW9kZWxCYWNrZW5kIn0=", "expire_date": "2014-04-23T20:10:03.637Z"}, "pk": "4mekceejbbnd9w8v5dcdyflflyfd4rba"}, {"model": "sessions.session", "fields": {"session_data": "MGUzZDYwZWNmYzUxYmQwZTA5YjlkOGY0MjQ2NDc4ZjEwMDZiMGFjYzp7Il9hdXRoX3VzZXJfYmFja2VuZCI6ImRqYW5nby5jb250cmliLmF1dGguYmFja2VuZHMuTW9kZWxCYWNrZW5kIiwiX2F1dGhfdXNlcl9pZCI6MX0=", "expire_date": "2014-05-28T14:37:15.249Z"}, "pk": "4rxhmws9u5f5f25ipno0636a6hhuongp"}, {"model": "sessions.session", "fields": {"session_data": "NDhlZmIxMjk5YzY2YTU1YmYwNDkyYmUwOTk4NWFlNjk2MGU5OTgyNTp7Il9hdXRoX3VzZXJfaWQiOjEsIl9hdXRoX3VzZXJfYmFja2VuZCI6ImRqYW5nby5jb250cmliLmF1dGguYmFja2VuZHMuTW9kZWxCYWNrZW5kIn0=", "expire_date": "2014-06-23T21:33:48.981Z"}, "pk": "9s3gpoimx7ggjw21u4z7qxr0dnmw846y"}, {"model": "sessions.session", "fields": {"session_data": "NDhlZmIxMjk5YzY2YTU1YmYwNDkyYmUwOTk4NWFlNjk2MGU5OTgyNTp7Il9hdXRoX3VzZXJfaWQiOjEsIl9hdXRoX3VzZXJfYmFja2VuZCI6ImRqYW5nby5jb250cmliLmF1dGguYmFja2VuZHMuTW9kZWxCYWNrZW5kIn0=", "expire_date": "2014-04-19T16:42:40.830Z"}, "pk": "9tnm0xhe83ue0mnfskonqp80bc164h0l"}, {"model": "sessions.session", "fields": {"session_data": "NDhlZmIxMjk5YzY2YTU1YmYwNDkyYmUwOTk4NWFlNjk2MGU5OTgyNTp7Il9hdXRoX3VzZXJfaWQiOjEsIl9hdXRoX3VzZXJfYmFja2VuZCI6ImRqYW5nby5jb250cmliLmF1dGguYmFja2VuZHMuTW9kZWxCYWNrZW5kIn0=", "expire_date": "2014-08-09T18:42:33.278Z"}, "pk": "apvngmk4e4bxef4e32g3pyz4zvcqhk5i"}, {"model": "sessions.session", "fields": {"session_data": "MGUzZDYwZWNmYzUxYmQwZTA5YjlkOGY0MjQ2NDc4ZjEwMDZiMGFjYzp7Il9hdXRoX3VzZXJfYmFja2VuZCI6ImRqYW5nby5jb250cmliLmF1dGguYmFja2VuZHMuTW9kZWxCYWNrZW5kIiwiX2F1dGhfdXNlcl9pZCI6MX0=", "expire_date": "2014-05-24T03:58:32.332Z"}, "pk": "baihgxwurcu1vrc9e96o0g32s1jhjf6j"}, {"model": "sessions.session", "fields": {"session_data": "NDhlZmIxMjk5YzY2YTU1YmYwNDkyYmUwOTk4NWFlNjk2MGU5OTgyNTp7Il9hdXRoX3VzZXJfaWQiOjEsIl9hdXRoX3VzZXJfYmFja2VuZCI6ImRqYW5nby5jb250cmliLmF1dGguYmFja2VuZHMuTW9kZWxCYWNrZW5kIn0=", "expire_date": "2014-07-07T23:27:57.636Z"}, "pk": "dbc5wjm5v0m00wkkhtm4jnw7uv3v2zd8"}, {"model": "sessions.session", "fields": {"session_data": "MGUzZDYwZWNmYzUxYmQwZTA5YjlkOGY0MjQ2NDc4ZjEwMDZiMGFjYzp7Il9hdXRoX3VzZXJfYmFja2VuZCI6ImRqYW5nby5jb250cmliLmF1dGguYmFja2VuZHMuTW9kZWxCYWNrZW5kIiwiX2F1dGhfdXNlcl9pZCI6MX0=", "expire_date": "2014-05-07T20:39:35.742Z"}, "pk": "fm3akm4cfebp7mt0o3arc89gx2iswwt3"}, {"model": "sessions.session", "fields": {"session_data": "MGUzZDYwZWNmYzUxYmQwZTA5YjlkOGY0MjQ2NDc4ZjEwMDZiMGFjYzp7Il9hdXRoX3VzZXJfYmFja2VuZCI6ImRqYW5nby5jb250cmliLmF1dGguYmFja2VuZHMuTW9kZWxCYWNrZW5kIiwiX2F1dGhfdXNlcl9pZCI6MX0=", "expire_date": "2014-04-18T18:08:44.312Z"}, "pk": "hovf8a3ozlqpu2itwwvs2vjfemzx1ncb"}, {"model": "sessions.session", "fields": {"session_data": "MGUzZDYwZWNmYzUxYmQwZTA5YjlkOGY0MjQ2NDc4ZjEwMDZiMGFjYzp7Il9hdXRoX3VzZXJfYmFja2VuZCI6ImRqYW5nby5jb250cmliLmF1dGguYmFja2VuZHMuTW9kZWxCYWNrZW5kIiwiX2F1dGhfdXNlcl9pZCI6MX0=", "expire_date": "2014-06-09T19:37:24.229Z"}, "pk": "jrqxa5qkbp1dt4m0d3jw6p4a2cx13l4w"}, {"model": "sessions.session", "fields": {"session_data": "NDhlZmIxMjk5YzY2YTU1YmYwNDkyYmUwOTk4NWFlNjk2MGU5OTgyNTp7Il9hdXRoX3VzZXJfaWQiOjEsIl9hdXRoX3VzZXJfYmFja2VuZCI6ImRqYW5nby5jb250cmliLmF1dGguYmFja2VuZHMuTW9kZWxCYWNrZW5kIn0=", "expire_date": "2014-04-22T18:32:04.824Z"}, "pk": "pk4t4z68wen2zkq01podzd7r0hqhyfie"}, {"model": "sessions.session", "fields": {"session_data": "NDhlZmIxMjk5YzY2YTU1YmYwNDkyYmUwOTk4NWFlNjk2MGU5OTgyNTp7Il9hdXRoX3VzZXJfaWQiOjEsIl9hdXRoX3VzZXJfYmFja2VuZCI6ImRqYW5nby5jb250cmliLmF1dGguYmFja2VuZHMuTW9kZWxCYWNrZW5kIn0=", "expire_date": "2014-08-23T18:20:22.519Z"}, "pk": "sw7xtggmcmr29gn3uf29kpdw8nirvn8h"}, {"model": "sessions.session", "fields": {"session_data": "MGUzZDYwZWNmYzUxYmQwZTA5YjlkOGY0MjQ2NDc4ZjEwMDZiMGFjYzp7Il9hdXRoX3VzZXJfYmFja2VuZCI6ImRqYW5nby5jb250cmliLmF1dGguYmFja2VuZHMuTW9kZWxCYWNrZW5kIiwiX2F1dGhfdXNlcl9pZCI6MX0=", "expire_date": "2014-04-08T00:54:16.621Z"}, "pk": "uop5hukj9izcj9yty34zo4utdyzawwz7"}, {"model": "south.migrationhistory", "fields": {"app_name": "questions", "applied": "2014-03-24T22:43:04.508Z", "migration": "0001_initial"}, "pk": 1}, {"model": "south.migrationhistory", "fields": {"app_name": "questions", "applied": "2014-03-24T22:44:50.488Z", "migration": "0002_auto__add_field_question_comment"}, "pk": 2}, {"model": "south.migrationhistory", "fields": {"app_name": "questions", "applied": "2014-03-25T00:33:38.427Z", "migration": "0003_auto__del_choice__add_answerchoice"}, "pk": 3}, {"model": "south.migrationhistory", "fields": {"app_name": "questions", "applied": "2014-03-25T01:01:13.110Z", "migration": "0004_auto__add_field_question_validated"}, "pk": 4}, {"model": "south.migrationhistory", "fields": {"app_name": "questions", "applied": "2014-04-02T19:12:20.930Z", "migration": "0005_auto__add_documentrecipe__add_document__add_exercisesetrecipe__add_fie"}, "pk": 5}, {"model": "south.migrationhistory", "fields": {"app_name": "questions", "applied": "2014-04-02T22:30:50.638Z", "migration": "0006_rename_exercisesetrecipe_to_blockrecipe"}, "pk": 6}, {"model": "south.migrationhistory", "fields": {"app_name": "questions", "applied": "2014-04-03T20:47:38.316Z", "migration": "0007_auto__del_field_question_question_body__del_field_question_question_na"}, "pk": 7}, {"model": "south.migrationhistory", "fields": {"app_name": "questions", "applied": "2014-04-04T22:30:30.264Z", "migration": "0008_auto__chg_field_answerchoice_explanation__chg_field_question_prompt__c"}, "pk": 8}, {"model": "south.migrationhistory", "fields": {"app_name": "questions", "applied": "2014-04-04T23:02:50.949Z", "migration": "0009_auto__chg_field_question_vardicts"}, "pk": 9}, {"model": "south.migrationhistory", "fields": {"app_name": "questions", "applied": "2014-04-05T16:45:15.163Z", "migration": "0010_auto__del_field_question_validated__del_field_question_vardicts__del_f"}, "pk": 10}, {"model": "south.migrationhistory", "fields": {"app_name": "questions", "applied": "2014-04-06T01:42:19.251Z", "migration": "0011_auto__add_validated"}, "pk": 11}, {"model": "south.migrationhistory", "fields": {"app_name": "questions", "applied": "2014-04-12T16:28:36.820Z", "migration": "0012_auto__del_field_answerchoice_explanation__del_field_answerchoice_corre"}, "pk": 12}, {"model": "south.migrationhistory", "fields": {"app_name": "simplified", "applied": "2014-04-13T23:22:54.363Z", "migration": "0001_initial"}, "pk": 13}, {"model": "south.migrationhistory", "fields": {"app_name": "questions", "applied": "2014-04-15T18:33:17.065Z", "migration": "0013_auto__add_field_validated_last_verified__add_field_validated_validated"}, "pk": 14}, {"model": "south.migrationhistory", "fields": {"app_name": "questions", "applied": "2014-04-18T19:00:06.481Z", "migration": "0014_auto__add_badcodewarning__del_field_validated_failed_message"}, "pk": 15}, {"model": "south.migrationhistory", "fields": {"app_name": "questions", "applied": "2014-04-23T20:35:06.706Z", "migration": "0015_auto__del_document__del_exercise__del_blockrecipe__del_documentrecipe_"}, "pk": 16}, {"model": "south.migrationhistory", "fields": {"app_name": "questions", "applied": "2014-04-26T18:42:53.279Z", "migration": "0016_auto__chg_field_answerchoice_choice_expr"}, "pk": 17}, {"model": "south.migrationhistory", "fields": {"app_name": "practicedocs", "applied": "2014-04-26T18:52:31.768Z", "migration": "0001_initial"}, "pk": 18}, {"model": "south.migrationhistory", "fields": {"app_name": "practicedocs", "applied": "2014-04-28T01:50:54.684Z", "migration": "0002_auto__chg_field_document_date_created"}, "pk": 19}, {"model": "south.migrationhistory", "fields": {"app_name": "practicedocs", "applied": "2014-04-28T02:00:33.556Z", "migration": "0003_auto__add_block"}, "pk": 20}, {"model": "south.migrationhistory", "fields": {"app_name": "organization", "applied": "2014-05-03T22:42:00.569Z", "migration": "0001_initial"}, "pk": 21}, {"model": "south.migrationhistory", "fields": {"app_name": "organization", "applied": "2014-05-03T23:35:55.476Z", "migration": "0002_auto__chg_field_subtopic_description__chg_field_subtopic_comment__chg_"}, "pk": 22}, {"model": "south.migrationhistory", "fields": {"app_name": "questions", "applied": "2014-05-15T19:10:50.423Z", "migration": "0017_auto__del_field_question_body__add_field_question_question_text__add_f"}, "pk": 23}, {"model": "south.migrationhistory", "fields": {"app_name": "questions", "applied": "2014-05-16T00:14:48.296Z", "migration": "0018_auto__del_validated__add_validation__chg_field_question_short_version"}, "pk": 24}, {"model": "south.migrationhistory", "fields": {"app_name": "organization", "applied": "2014-05-17T17:27:15.760Z", "migration": "0003_auto__add_field_topic_schema"}, "pk": 25}, {"model": "south.migrationhistory", "fields": {"app_name": "exams", "applied": "2014-05-26T18:28:59.137Z", "migration": "0001_initial"}, "pk": 26}, {"model": "south.migrationhistory", "fields": {"app_name": "simplified", "applied": "2014-05-27T01:59:00.519Z", "migration": "0002_auto__add_meep"}, "pk": 27}, {"model": "south.migrationhistory", "fields": {"app_name": "exams", "applied": "2014-06-06T02:54:19.931Z", "migration": "0002_auto__add_field_exam_recipe__chg_field_exampart_exam__add_field_examqu"}, "pk": 28}, {"model": "south.migrationhistory", "fields": {"app_name": "exams", "applied": "2014-06-06T21:02:36.062Z", "migration": "0003_auto__add_field_examrecipe_max_number_choices"}, "pk": 29}, {"model": "south.migrationhistory", "fields": {"app_name": "exams", "applied": "2014-06-07T22:08:02.932Z", "migration": "0004_auto__add_field_exampart_question_style__del_field_examanswerchoice_an"}, "pk": 30}, {"model": "south.migrationhistory", "fields": {"app_name": "questions", "applied": "2014-06-07T22:08:56.924Z", "migration": "0019_auto__chg_field_question_question_text"}, "pk": 31}, {"model": "south.migrationhistory", "fields": {"app_name": "exams", "applied": "2014-06-08T14:35:09.374Z", "migration": "0005_auto__add_generatedset__del_field_exam_recipe__del_field_exam_created_"}, "pk": 32}, {"model": "south.migrationhistory", "fields": {"app_name": "exams", "applied": "2014-06-08T16:04:19.032Z", "migration": "0006_auto__add_field_exam_generated_set"}, "pk": 33}, {"model": "south.migrationhistory", "fields": {"app_name": "exams", "applied": "2014-06-08T16:13:00.746Z", "migration": "0007_auto__chg_field_generatedset_date_created"}, "pk": 34}, {"model": "south.migrationhistory", "fields": {"app_name": "exams", "applied": "2014-06-08T19:14:41.379Z", "migration": "0008_auto__add_field_examrecipe_frozen"}, "pk": 35}, {"model": "south.migrationhistory", "fields": {"app_name": "exams", "applied": "2014-06-08T22:50:13.498Z", "migration": "0009_auto__add_field_examquestion_question_text"}, "pk": 36}, {"model": "south.migrationhistory", "fields": {"app_name": "exams", "applied": "2014-06-09T19:35:36.277Z", "migration": "0010_auto__add_field_generatedset_comment"}, "pk": 37}, {"model": "south.migrationhistory", "fields": {"app_name": "exams", "applied": "2014-06-22T03:12:04.547Z", "migration": "0011_auto__add_formattingpreferences"}, "pk": 38}, {"model": "south.migrationhistory", "fields": {"app_name": "exams", "applied": "2014-06-22T18:28:16.696Z", "migration": "0012_auto__del_field_formattingpreferences_first_hader_center__del_field_fo"}, "pk": 39}, {"model": "south.migrationhistory", "fields": {"app_name": "exams", "applied": "2014-06-23T23:29:43.716Z", "migration": "0013_auto__del_field_formattingpreferences_first_page_hader_center__add_fie"}, "pk": 40}, {"model": "south.migrationhistory", "fields": {"app_name": "organization", "applied": "2014-06-24T18:55:39.601Z", "migration": "0004_auto__add_coursetype__add_course__add_textbook"}, "pk": 41}, {"model": "south.migrationhistory", "fields": {"app_name": "organization", "applied": "2014-06-27T18:27:44.514Z", "migration": "0005_auto__add_field_course_is_active__chg_field_coursetype_textbook__add_f"}, "pk": 42}, {"model": "south.migrationhistory", "fields": {"app_name": "organization", "applied": "2014-07-26T18:59:30.368Z", "migration": "0006_auto__add_field_course_semester"}, "pk": 43}, {"model": "south.migrationhistory", "fields": {"app_name": "organization", "applied": "2014-08-08T20:44:23.985Z", "migration": "0007_auto__add_field_schema_description"}, "pk": 44}, {"model": "south.migrationhistory", "fields": {"app_name": "organization", "applied": "2014-08-16T03:46:46.156Z", "migration": "0008_auto__del_field_objective_long__del_field_objective_short__add_field_o"}, "pk": 45}, {"model": "south.migrationhistory", "fields": {"app_name": "exams", "applied": "2014-08-17T03:15:01.200Z", "migration": "0014_auto__add_field_examrecipe_course__add_field_generatedset_course"}, "pk": 46}, {"model": "questions.randvar", "fields": {"varname": "a", "varposs": "integers_between(1,6)", "question": 1}, "pk": 1}, {"model": "questions.randvar", "fields": {"varname": "b", "varposs": "integers_between(-7,-1)", "question": 1}, "pk": 2}, {"model": "questions.randvar", "fields": {"varname": "a", "varposs": "one_digit_primes", "question": 2}, "pk": 3}, {"model": "questions.randvar", "fields": {"varname": "c", "varposs": "integers_between(2,7)", "question": 3}, "pk": 4}, {"model": "questions.randvar", "fields": {"varname": "pn", "varposs": "posneg", "question": 3}, "pk": 5}, {"model": "questions.randvar", "fields": {"varname": "a", "varposs": "integers_between(1,6)", "question": 4}, "pk": 6}, {"model": "questions.randvar", "fields": {"varname": "c", "varposs": "integers_between(2,7)", "question": 4}, "pk": 7}, {"model": "questions.randvar", "fields": {"varname": "a", "varposs": "integers_between(1,5)", "question": 5}, "pk": 8}, {"model": "questions.randvar", "fields": {"varname": "b", "varposs": "integers_between(1,5)", "question": 5}, "pk": 9}, {"model": "questions.randvar", "fields": {"varname": "c", "varposs": "integers_between(1,5)", "question": 5}, "pk": 10}, {"model": "questions.randvar", "fields": {"varname": "a", "varposs": "integers_between(2,9)", "question": 6}, "pk": 11}, {"model": "questions.randvar", "fields": {"varname": "b", "varposs": "integers_between(-8,-1)", "question": 6}, "pk": 12}, {"model": "questions.randvar", "fields": {"varname": "c", "varposs": "integers_between(1,8)", "question": 6}, "pk": 13}, {"model": "questions.condition", "fields": {"condition_text": "a != -b", "question": 1}, "pk": 1}, {"model": "questions.condition", "fields": {"condition_text": "a != c", "question": 4}, "pk": 2}, {"model": "questions.condition", "fields": {"condition_text": "not has_duplicates(a,b,c)", "question": 5}, "pk": 3}, {"model": "questions.condition", "fields": {"condition_text": "not has_duplicates(a,-b,c)", "question": 6}, "pk": 4}, {"model": "questions.answerchoice", "fields": {"pin": "random", "choice_text": "${choice_expr}$", "comment": "", "choice_expr": "(x+a)*(x+b)", "choice_type": "CORR", "question": 1}, "pk": 1}, {"model": "questions.answerchoice", "fields": {"pin": "random", "choice_text": "${choice_expr}$", "comment": "", "choice_expr": "(x-a)*(x-b)", "choice_type": "TOP3", "question": 1}, "pk": 2}, {"model": "questions.answerchoice", "fields": {"pin": "random", "choice_text": "${choice_expr}$", "comment": "", "choice_expr": "(x+a)*(x-b)", "choice_type": "TOP3", "question": 1}, "pk": 3}, {"model": "questions.answerchoice", "fields": {"pin": "random", "choice_text": "${choice_expr}$", "comment": "", "choice_expr": "(x-a)**2", "choice_type": "CORR", "question": 2}, "pk": 4}, {"model": "questions.answerchoice", "fields": {"pin": "random", "choice_text": "${choice_expr}$", "comment": "", "choice_expr": "(x-a*b)*(x+1)", "choice_type": "TOP3", "question": 1}, "pk": 5}, {"model": "questions.answerchoice", "fields": {"pin": "random", "choice_text": "${choice_expr}$", "comment": "", "choice_expr": "(x+a*b)*(x-1)", "choice_type": "DIST", "question": 1}, "pk": 6}, {"model": "questions.answerchoice", "fields": {"pin": "random", "choice_text": "${choice_expr}$", "comment": null, "choice_expr": "(x-a)*(x+a)", "choice_type": "DIST", "question": 2}, "pk": 7}, {"model": "questions.answerchoice", "fields": {"pin": "random", "choice_text": "${choice_expr}$", "comment": null, "choice_expr": "(x-a**2)*(x+1)", "choice_type": "DIST", "question": 2}, "pk": 8}, {"model": "questions.answerchoice", "fields": {"pin": "random", "choice_text": "${choice_expr}$", "comment": null, "choice_expr": "(x-1)*(x-a**2)", "choice_type": "DIST", "question": 2}, "pk": 9}, {"model": "questions.answerchoice", "fields": {"pin": "random", "choice_text": "${choice_expr}$", "comment": "", "choice_expr": "5", "choice_type": "DIST", "question": 2}, "pk": 16}, {"model": "questions.answerchoice", "fields": {"pin": "last", "choice_text": "Does Not Exist", "comment": "", "choice_expr": "None", "choice_type": "TOP3", "question": 3}, "pk": 17}, {"model": "questions.answerchoice", "fields": {"pin": "random", "choice_text": "${choice_expr}$", "comment": "", "choice_expr": "correct", "choice_type": "CORR", "question": 3}, "pk": 18}, {"model": "questions.answerchoice", "fields": {"pin": "random", "choice_text": "${choice_expr}$", "comment": "", "choice_expr": "distract1", "choice_type": "TOP3", "question": 3}, "pk": 19}, {"model": "questions.answerchoice", "fields": {"pin": "random", "choice_text": "${choice_expr}$", "comment": "", "choice_expr": "-2*c-1", "choice_type": "TOP4", "question": 3}, "pk": 20}, {"model": "questions.answerchoice", "fields": {"pin": "random", "choice_text": "${choice_expr}$", "comment": "", "choice_expr": "c", "choice_type": "TOP3", "question": 3}, "pk": 21}, {"model": "questions.answerchoice", "fields": {"pin": "random", "choice_text": "${choice_expr}$", "comment": "", "choice_expr": "-c", "choice_type": "DIST", "question": 3}, "pk": 22}, {"model": "questions.answerchoice", "fields": {"pin": "random", "choice_text": "${choice_expr}$", "comment": "", "choice_expr": "(c+a)/(2*c)", "choice_type": "CORR", "question": 4}, "pk": 23}, {"model": "questions.answerchoice", "fields": {"pin": "last", "choice_text": "Does Not Exist", "comment": "", "choice_expr": "None", "choice_type": "CORR", "question": 5}, "pk": 24}, {"model": "questions.answerchoice", "fields": {"pin": "random", "choice_text": "${choice_expr}$", "comment": "", "choice_expr": "(c+a)/(2*c)", "choice_type": "DIST", "question": 5}, "pk": 25}, {"model": "questions.answerchoice", "fields": {"pin": "random", "choice_text": "${choice_expr}$", "comment": "", "choice_expr": "(c-a)/c", "choice_type": "DIST", "question": 5}, "pk": 26}, {"model": "questions.answerchoice", "fields": {"pin": "random", "choice_text": "${choice_expr}$", "comment": "", "choice_expr": "a/c", "choice_type": "DIST", "question": 5}, "pk": 27}, {"model": "questions.answerchoice", "fields": {"pin": "random", "choice_text": "${choice_expr}$", "comment": "", "choice_expr": "-a/c", "choice_type": "DIST", "question": 5}, "pk": 28}, {"model": "questions.answerchoice", "fields": {"pin": "random", "choice_text": "${choice_expr}$", "comment": "", "choice_expr": "((a-c)*c-a*c)/c**2 ", "choice_type": "DIST", "question": 5}, "pk": 29}, {"model": "questions.answerchoice", "fields": {"pin": "random", "choice_text": "${choice_expr}$", "comment": "", "choice_expr": "1", "choice_type": "TOP3", "question": 5}, "pk": 30}, {"model": "questions.answerchoice", "fields": {"pin": "random", "choice_text": "${choice_expr}$", "comment": "", "choice_expr": "0", "choice_type": "TOP3", "question": 5}, "pk": 31}, {"model": "questions.answerchoice", "fields": {"pin": "random", "choice_text": "${choice_expr}$", "comment": "", "choice_expr": "-b", "choice_type": "DIST", "question": 5}, "pk": 32}, {"model": "questions.answerchoice", "fields": {"pin": "random", "choice_text": "${choice_expr}$", "comment": "", "choice_expr": "(c-a)/c", "choice_type": "DIST", "question": 4}, "pk": 33}, {"model": "questions.answerchoice", "fields": {"pin": "random", "choice_text": "${choice_expr}$", "comment": "", "choice_expr": "a/c", "choice_type": "DIST", "question": 4}, "pk": 34}, {"model": "questions.answerchoice", "fields": {"pin": "random", "choice_text": "${choice_expr}$", "comment": "", "choice_expr": "-a/c", "choice_type": "DIST", "question": 4}, "pk": 35}, {"model": "questions.answerchoice", "fields": {"pin": "random", "choice_text": "${choice_expr}$", "comment": "", "choice_expr": "((a-c)*c-a*c)/c**2", "choice_type": "DIST", "question": 4}, "pk": 36}, {"model": "questions.answerchoice", "fields": {"pin": "random", "choice_text": "${choice_expr}$", "comment": "", "choice_expr": "1", "choice_type": "DIST", "question": 4}, "pk": 37}, {"model": "questions.answerchoice", "fields": {"pin": "random", "choice_text": "${choice_expr}$", "comment": "", "choice_expr": "-c", "choice_type": "DIST", "question": 4}, "pk": 38}, {"model": "questions.answerchoice", "fields": {"pin": "last", "choice_text": "Does Not Exist", "comment": "", "choice_expr": "None", "choice_type": "DIST", "question": 4}, "pk": 39}, {"model": "questions.answerchoice", "fields": {"pin": "random", "choice_text": "$x={b}$, $x={c}$", "comment": "", "choice_expr": "", "choice_type": "CORR", "question": 6}, "pk": 40}, {"model": "questions.answerchoice", "fields": {"pin": "random", "choice_text": "$x={a}$, $x={c}$", "comment": "", "choice_expr": "", "choice_type": "TOP3", "question": 6}, "pk": 41}, {"model": "questions.answerchoice", "fields": {"pin": "random", "choice_text": "$x=0$, $x={c}$", "comment": "", "choice_expr": "", "choice_type": "DIST", "question": 6}, "pk": 42}, {"model": "questions.answerchoice", "fields": {"pin": "random", "choice_text": "$x={b}$, $x=0$", "comment": "", "choice_expr": "", "choice_type": "DIST", "question": 6}, "pk": 43}, {"model": "questions.answerchoice", "fields": {"pin": "random", "choice_text": "$x={b}$", "comment": "", "choice_expr": "", "choice_type": "TOP3", "question": 6}, "pk": 44}, {"model": "questions.answerchoice", "fields": {"pin": "random", "choice_text": "$x={c}$", "comment": "", "choice_expr": "", "choice_type": "TOP3", "question": 6}, "pk": 45}, {"model": "organization.schema", "fields": {"description": null, "name": "Business Calculus"}, "pk": 1}, {"model": "organization.schema", "fields": {"description": "", "name": "Fake Schema"}, "pk": 2}, {"model": "organization.schema", "fields": {"description": "", "name": "Fake Schema 2"}, "pk": 3}, {"model": "organization.objective", "fields": {"questions": [3, 4, 5], "comment": null, "description": null, "name": "Explore limits of functions graphically, numerically, and algebraically."}, "pk": 1}, {"model": "organization.objective", "fields": {"questions": [], "comment": null, "description": null, "name": "Identify properties of limits."}, "pk": 2}, {"model": "organization.objective", "fields": {"questions": [], "comment": null, "description": null, "name": "Compute one-sided limits."}, "pk": 3}, {"model": "organization.objective", "fields": {"questions": [], "comment": null, "description": null, "name": "Compute infinite limits and recognize that such limits do not exist"}, "pk": 4}, {"model": "organization.objective", "fields": {"questions": [1], "comment": null, "description": null, "name": "Distinguish between vertical asymptotes and holes"}, "pk": 5}, {"model": "organization.objective", "fields": {"questions": [], "comment": null, "description": null, "name": "Find limits at infinity of polynomial and rational functions"}, "pk": 6}, {"model": "organization.objective", "fields": {"questions": [], "comment": null, "description": null, "name": "Represent limits at infinity as horizontal asymptotes"}, "pk": 7}, {"model": "organization.objective", "fields": {"questions": [6], "comment": null, "description": null, "name": "Determine whether a function is continuous at a point"}, "pk": 8}, {"model": "organization.objective", "fields": {"questions": [], "comment": null, "description": null, "name": "Determine the intervals over which a function is continuous"}, "pk": 9}, {"model": "organization.objective", "fields": {"questions": [1, 2], "comment": null, "description": null, "name": "Create sign charts showing where functions are positive/negative"}, "pk": 10}, {"model": "organization.objective", "fields": {"questions": [], "comment": null, "description": null, "name": "Solve inequalities using sign charts"}, "pk": 11}, {"model": "organization.objective", "fields": {"questions": [], "comment": null, "description": null, "name": "Explore the difference quotient as it relates to secant lines and tangent lines"}, "pk": 12}, {"model": "organization.objective", "fields": {"questions": [], "comment": null, "description": null, "name": "Define the derivative of a function"}, "pk": 13}, {"model": "organization.objective", "fields": {"questions": [], "comment": null, "description": null, "name": "Use the limit definition of derivative to calculate the derivative of a function"}, "pk": 14}, {"model": "organization.objective", "fields": {"questions": [], "comment": null, "description": null, "name": "Calculate the slope of the line tangent to function"}, "pk": 15}, {"model": "organization.objective", "fields": {"questions": [], "comment": null, "description": null, "name": "View derivative as rates of change"}, "pk": 16}, {"model": "organization.objective", "fields": {"questions": [], "comment": null, "description": null, "name": "Define nondifferentiable and see elementary examples of such functions"}, "pk": 17}, {"model": "organization.objective", "fields": {"questions": [], "comment": null, "description": null, "name": "Learn basic properties of derivatives"}, "pk": 18}, {"model": "organization.objective", "fields": {"questions": [], "comment": null, "description": null, "name": "Compute increments"}, "pk": 19}, {"model": "organization.objective", "fields": {"questions": [], "comment": null, "description": null, "name": "Develop differentials and use them to approximate increments"}, "pk": 20}, {"model": "organization.objective", "fields": {"questions": [], "comment": null, "description": null, "name": "Compute marginal cost, revenue, and profit"}, "pk": 21}, {"model": "organization.objective", "fields": {"questions": [], "comment": null, "description": null, "name": "Interpret marginal cost, revenue, and profit as it applies to business/economic applications"}, "pk": 22}, {"model": "organization.objective", "fields": {"questions": [], "comment": null, "description": null, "name": "Compute average cost, revenue, and profit"}, "pk": 23}, {"model": "organization.objective", "fields": {"questions": [], "comment": null, "description": null, "name": "Compute marginal average cost, revenue, and profit"}, "pk": 24}, {"model": "organization.objective", "fields": {"questions": [], "comment": null, "description": null, "name": "Interpret marginal average cost, revenue, and profit as it applies to business/economic applications"}, "pk": 25}, {"model": "organization.objective", "fields": {"questions": [], "comment": null, "description": null, "name": "Find the derivatives of $e^x$"}, "pk": 26}, {"model": "organization.objective", "fields": {"questions": [], "comment": null, "description": null, "name": "Find the derivatives of $\\ln x$"}, "pk": 27}, {"model": "organization.objective", "fields": {"questions": [], "comment": null, "description": null, "name": "Find the derivatives of other exponential and logarithmic functions."}, "pk": 28}, {"model": "organization.objective", "fields": {"questions": [], "comment": null, "description": null, "name": "Find derivatives of product functions"}, "pk": 29}, {"model": "organization.objective", "fields": {"questions": [], "comment": null, "description": null, "name": "Find derivatives of  quotient functions"}, "pk": 30}, {"model": "organization.objective", "fields": {"questions": [], "comment": null, "description": null, "name": "Find derivatives of composed functions"}, "pk": 31}, {"model": "organization.objective", "fields": {"questions": [], "comment": null, "description": null, "name": "Use implicit differentiation to find derivatives"}, "pk": 32}, {"model": "organization.objective", "fields": {"questions": [], "comment": null, "description": null, "name": "Really short"}, "pk": 33}, {"model": "organization.objective", "fields": {"questions": [], "comment": "", "description": "", "name": "Moo loudly"}, "pk": 34}, {"model": "organization.objective", "fields": {"questions": [], "comment": "", "description": "", "name": "moo quietly"}, "pk": 35}, {"model": "organization.objective", "fields": {"questions": [], "comment": "", "description": "", "name": "moo quietly"}, "pk": 36}, {"model": "organization.topic", "fields": {"schema": 1, "comment": null, "description": null, "order": 1, "name": "Limits and Continuity"}, "pk": 1}, {"model": "organization.topic", "fields": {"schema": 1, "comment": null, "description": null, "order": 2, "name": "Derivatives"}, "pk": 2}, {"model": "organization.topic", "fields": {"schema": 3, "comment": "", "description": "", "order": 0, "name": "Blah"}, "pk": 21}, {"model": "organization.subtopic", "fields": {"order": 2, "objectives": [1, 2, 3], "topic": 1, "name": "Introduction to Limits", "comment": null, "description": null}, "pk": 1}, {"model": "organization.subtopic", "fields": {"order": 6, "objectives": [4, 5, 6, 7], "topic": 1, "name": "Infinite Limits and Limits at Infinity", "comment": null, "description": null}, "pk": 2}, {"model": "organization.subtopic", "fields": {"order": 10, "objectives": [8, 9, 10, 11], "topic": 1, "name": "Continuity! The Musical!", "comment": "", "description": ""}, "pk": 3}, {"model": "organization.subtopic", "fields": {"order": 17, "objectives": [12, 13, 14, 15, 16, 17, 18], "topic": 2, "name": "The Derivative", "comment": null, "description": null}, "pk": 4}, {"model": "organization.subtopic", "fields": {"order": 19, "objectives": [19, 20], "topic": 2, "name": "Differentials", "comment": null, "description": null}, "pk": 5}, {"model": "organization.subtopic", "fields": {"order": 24, "objectives": [21, 22, 23, 24, 25], "topic": 2, "name": "Marginal Analysis", "comment": null, "description": null}, "pk": 6}, {"model": "organization.subtopic", "fields": {"order": 27, "objectives": [26, 27, 28], "topic": 2, "name": "Derivatives of Exponentials and Logarithms", "comment": null, "description": null}, "pk": 7}, {"model": "organization.subtopic", "fields": {"order": 28, "objectives": [29], "topic": 2, "name": "Product Rule ", "comment": null, "description": null}, "pk": 8}, {"model": "organization.subtopic", "fields": {"order": 29, "objectives": [30], "topic": 2, "name": "Quotient Rule", "comment": null, "description": null}, "pk": 9}, {"model": "organization.subtopic", "fields": {"order": 30, "objectives": [31], "topic": 2, "name": "Chain Rule", "comment": null, "description": null}, "pk": 10}, {"model": "organization.subtopic", "fields": {"order": 31, "objectives": [32], "topic": 2, "name": "Implicit Differentiation", "comment": null, "description": null}, "pk": 11}, {"model": "organization.coursetype", "fields": {"schema": 1, "textbook": null, "name": "fake"}, "pk": 1}, {"model": "practicedocs.exercise", "fields": {"vardict": "gAJ9cQAoWAEAAABicQFjc3ltcHkuY29yZS5udW1iZXJzCkludGVnZXIKcQJK+f///4VxA1JxBH1xBWJYAQAAAGFxBmgCSwSFcQdScQh9cQlidS4=", "question": 1}, "pk": 1}, {"model": "practicedocs.exercise", "fields": {"vardict": "gAJ9cQAoWAEAAABicQFjc3ltcHkuY29yZS5udW1iZXJzCkludGVnZXIKcQJK+v///4VxA1JxBH1xBWJYAQAAAGFxBmNzeW1weS5jb3JlLm51bWJlcnMKT25lCnEHKVJxCH1xCWJ1Lg==", "question": 1}, "pk": 2}, {"model": "practicedocs.exercise", "fields": {"vardict": "gAJ9cQAoWAEAAABicQFjc3ltcHkuY29yZS5udW1iZXJzCkludGVnZXIKcQJK/f///4VxA1JxBH1xBWJYAQAAAGFxBmgCSwWFcQdScQh9cQlidS4=", "question": 1}, "pk": 3}, {"model": "practicedocs.exercise", "fields": {"vardict": "gAJ9cQAoWAEAAABicQFjc3ltcHkuY29yZS5udW1iZXJzCkludGVnZXIKcQJK/f///4VxA1JxBH1xBWJYAQAAAGFxBmgCSwSFcQdScQh9cQlidS4=", "question": 1}, "pk": 4}, {"model": "practicedocs.exercise", "fields": {"vardict": "gAJ9cQAoWAEAAABicQFjc3ltcHkuY29yZS5udW1iZXJzCkludGVnZXIKcQJK/P///4VxA1JxBH1xBWJYAQAAAGFxBmgCSwaFcQdScQh9cQlidS4=", "question": 1}, "pk": 5}, {"model": "practicedocs.exercise", "fields": {"vardict": "gAJ9cQAoWAEAAABicQFjc3ltcHkuY29yZS5udW1iZXJzCkludGVnZXIKcQJK+////4VxA1JxBH1xBWJYAQAAAGFxBmNzeW1weS5jb3JlLm51bWJlcnMKT25lCnEHKVJxCH1xCWJ1Lg==", "question": 1}, "pk": 6}, {"model": "practicedocs.exercise", "fields": {"vardict": "gAJ9cQAoWAEAAABicQFjc3ltcHkuY29yZS5udW1iZXJzCkludGVnZXIKcQJK/P///4VxA1JxBH1xBWJYAQAAAGFxBmgCSwKFcQdScQh9cQlidS4=", "question": 1}, "pk": 7}, {"model": "practicedocs.exercise", "fields": {"vardict": "gAJ9cQAoWAEAAABicQFjc3ltcHkuY29yZS5udW1iZXJzCk5lZ2F0aXZlT25lCnECKVJxA31xBGJYAQAAAGFxBWNzeW1weS5jb3JlLm51bWJlcnMKSW50ZWdlcgpxBksEhXEHUnEIfXEJYnUu", "question": 1}, "pk": 8}, {"model": "practicedocs.exercise", "fields": {"vardict": "gAJ9cQAoWAEAAABicQFjc3ltcHkuY29yZS5udW1iZXJzCkludGVnZXIKcQJK/v///4VxA1JxBH1xBWJYAQAAAGFxBmgCSwWFcQdScQh9cQlidS4=", "question": 1}, "pk": 9}, {"model": "practicedocs.exercise", "fields": {"vardict": "gAJ9cQAoWAEAAABicQFjc3ltcHkuY29yZS5udW1iZXJzCkludGVnZXIKcQJK+////4VxA1JxBH1xBWJYAQAAAGFxBmgCSwSFcQdScQh9cQlidS4=", "question": 1}, "pk": 10}, {"model": "practicedocs.exercise", "fields": {"vardict": "gAJ9cQAoWAEAAABicQFjc3ltcHkuY29yZS5udW1iZXJzCk5lZ2F0aXZlT25lCnECKVJxA31xBGJYAQAAAGFxBWNzeW1weS5jb3JlLm51bWJlcnMKSW50ZWdlcgpxBksChXEHUnEIfXEJYnUu", "question": 1}, "pk": 11}, {"model": "practicedocs.exercise", "fields": {"vardict": "gAJ9cQAoWAEAAABicQFjc3ltcHkuY29yZS5udW1iZXJzCkludGVnZXIKcQJK/f///4VxA1JxBH1xBWJYAQAAAGFxBmNzeW1weS5jb3JlLm51bWJlcnMKT25lCnEHKVJxCH1xCWJ1Lg==", "question": 1}, "pk": 12}, {"model": "practicedocs.exercise", "fields": {"vardict": "gAJ9cQAoWAEAAABicQFjc3ltcHkuY29yZS5udW1iZXJzCkludGVnZXIKcQJK/v///4VxA1JxBH1xBWJYAQAAAGFxBmgCSwOFcQdScQh9cQlidS4=", "question": 1}, "pk": 13}, {"model": "practicedocs.exercise", "fields": {"vardict": "gAJ9cQAoWAEAAABicQFjc3ltcHkuY29yZS5udW1iZXJzCk5lZ2F0aXZlT25lCnECKVJxA31xBGJYAQAAAGFxBWNzeW1weS5jb3JlLm51bWJlcnMKSW50ZWdlcgpxBksFhXEHUnEIfXEJYnUu", "question": 1}, "pk": 34}, {"model": "practicedocs.exercise", "fields": {"vardict": "gAJ9cQAoWAEAAABicQFjc3ltcHkuY29yZS5udW1iZXJzCk5lZ2F0aXZlT25lCnECKVJxA31xBGJYAQAAAGFxBWNzeW1weS5jb3JlLm51bWJlcnMKSW50ZWdlcgpxBksDhXEHUnEIfXEJYnUu", "question": 1}, "pk": 35}, {"model": "practicedocs.exercise", "fields": {"vardict": "gAJ9cQAoWAEAAABicQFjc3ltcHkuY29yZS5udW1iZXJzCkludGVnZXIKcQJK/f///4VxA1JxBH1xBWJYAQAAAGFxBmgCSwWFcQdScQh9cQlidS4=", "question": 1}, "pk": 36}, {"model": "practicedocs.exercise", "fields": {"vardict": "gAJ9cQAoWAEAAABicQFjc3ltcHkuY29yZS5udW1iZXJzCkludGVnZXIKcQJK/v///4VxA1JxBH1xBWJYAQAAAGFxBmgCSwSFcQdScQh9cQlidS4=", "question": 1}, "pk": 37}, {"model": "practicedocs.exercise", "fields": {"vardict": "gAJ9cQAoWAEAAABicQFjc3ltcHkuY29yZS5udW1iZXJzCkludGVnZXIKcQJK+f///4VxA1JxBH1xBWJYAQAAAGFxBmgCSwSFcQdScQh9cQlidS4=", "question": 1}, "pk": 38}, {"model": "practicedocs.exercise", "fields": {"vardict": "gAJ9cQAoWAEAAABicQFjc3ltcHkuY29yZS5udW1iZXJzCkludGVnZXIKcQJK+f///4VxA1JxBH1xBWJYAQAAAGFxBmNzeW1weS5jb3JlLm51bWJlcnMKT25lCnEHKVJxCH1xCWJ1Lg==", "question": 1}, "pk": 39}, {"model": "practicedocs.exercise", "fields": {"vardict": "gAJ9cQAoWAEAAABicQFjc3ltcHkuY29yZS5udW1iZXJzCkludGVnZXIKcQJK+v///4VxA1JxBH1xBWJYAQAAAGFxBmgCSwWFcQdScQh9cQlidS4=", "question": 1}, "pk": 40}, {"model": "practicedocs.exercise", "fields": {"vardict": "gAJ9cQAoWAEAAABicQFjc3ltcHkuY29yZS5udW1iZXJzCkludGVnZXIKcQJK+////4VxA1JxBH1xBWJYAQAAAGFxBmgCSwSFcQdScQh9cQlidS4=", "question": 1}, "pk": 41}, {"model": "practicedocs.exercise", "fields": {"vardict": "gAJ9cQAoWAEAAABicQFjc3ltcHkuY29yZS5udW1iZXJzCkludGVnZXIKcQJK/f///4VxA1JxBH1xBWJYAQAAAGFxBmgCSwaFcQdScQh9cQlidS4=", "question": 1}, "pk": 42}, {"model": "practicedocs.exercise", "fields": {"vardict": "gAJ9cQAoWAEAAABicQFjc3ltcHkuY29yZS5udW1iZXJzCkludGVnZXIKcQJK/v///4VxA1JxBH1xBWJYAQAAAGFxBmgCSwaFcQdScQh9cQlidS4=", "question": 1}, "pk": 43}, {"model": "practicedocs.exercise", "fields": {"vardict": "gAJ9cQAoWAEAAABicQFjc3ltcHkuY29yZS5udW1iZXJzCkludGVnZXIKcQJK+v///4VxA1JxBH1xBWJYAQAAAGFxBmgCSwKFcQdScQh9cQlidS4=", "question": 1}, "pk": 44}, {"model": "practicedocs.exercise", "fields": {"vardict": "gAJ9cQAoWAEAAABicQFjc3ltcHkuY29yZS5udW1iZXJzCkludGVnZXIKcQJK+////4VxA1JxBH1xBWJYAQAAAGFxBmgCSwKFcQdScQh9cQlidS4=", "question": 1}, "pk": 45}, {"model": "practicedocs.exercise", "fields": {"vardict": "gAJ9cQAoWAEAAABicQFjc3ltcHkuY29yZS5udW1iZXJzCkludGVnZXIKcQJK/f///4VxA1JxBH1xBWJYAQAAAGFxBmNzeW1weS5jb3JlLm51bWJlcnMKT25lCnEHKVJxCH1xCWJ1Lg==", "question": 1}, "pk": 66}, {"model": "practicedocs.exercise", "fields": {"vardict": "gAJ9cQAoWAEAAABicQFjc3ltcHkuY29yZS5udW1iZXJzCkludGVnZXIKcQJK/P///4VxA1JxBH1xBWJYAQAAAGFxBmgCSwKFcQdScQh9cQlidS4=", "question": 1}, "pk": 67}, {"model": "practicedocs.exercise", "fields": {"vardict": "gAJ9cQAoWAEAAABicQFjc3ltcHkuY29yZS5udW1iZXJzCkludGVnZXIKcQJK/v///4VxA1JxBH1xBWJYAQAAAGFxBmgCSwWFcQdScQh9cQlidS4=", "question": 1}, "pk": 68}, {"model": "practicedocs.exercise", "fields": {"vardict": "gAJ9cQAoWAEAAABicQFjc3ltcHkuY29yZS5udW1iZXJzCkludGVnZXIKcQJK+////4VxA1JxBH1xBWJYAQAAAGFxBmgCSwaFcQdScQh9cQlidS4=", "question": 1}, "pk": 69}, {"model": "practicedocs.exercise", "fields": {"vardict": "gAJ9cQAoWAEAAABicQFjc3ltcHkuY29yZS5udW1iZXJzCkludGVnZXIKcQJK+////4VxA1JxBH1xBWJYAQAAAGFxBmgCSwOFcQdScQh9cQlidS4=", "question": 1}, "pk": 70}, {"model": "practicedocs.exercise", "fields": {"vardict": "gAJ9cQAoWAEAAABicQFjc3ltcHkuY29yZS5udW1iZXJzCkludGVnZXIKcQJK/f///4VxA1JxBH1xBWJYAQAAAGFxBmgCSwaFcQdScQh9cQlidS4=", "question": 1}, "pk": 71}, {"model": "practicedocs.exercise", "fields": {"vardict": "gAJ9cQAoWAEAAABicQFjc3ltcHkuY29yZS5udW1iZXJzCkludGVnZXIKcQJK/f///4VxA1JxBH1xBWJYAQAAAGFxBmgCSwSFcQdScQh9cQlidS4=", "question": 1}, "pk": 72}, {"model": "practicedocs.exercise", "fields": {"vardict": "gAJ9cQAoWAEAAABicQFjc3ltcHkuY29yZS5udW1iZXJzCkludGVnZXIKcQJK/v///4VxA1JxBH1xBWJYAQAAAGFxBmgCSwSFcQdScQh9cQlidS4=", "question": 1}, "pk": 73}, {"model": "practicedocs.exercise", "fields": {"vardict": "gAJ9cQAoWAEAAABicQFjc3ltcHkuY29yZS5udW1iZXJzCkludGVnZXIKcQJK+v///4VxA1JxBH1xBWJYAQAAAGFxBmgCSwSFcQdScQh9cQlidS4=", "question": 1}, "pk": 74}, {"model": "practicedocs.exercise", "fields": {"vardict": "gAJ9cQAoWAEAAABicQFjc3ltcHkuY29yZS5udW1iZXJzCk5lZ2F0aXZlT25lCnECKVJxA31xBGJYAQAAAGFxBWNzeW1weS5jb3JlLm51bWJlcnMKSW50ZWdlcgpxBksGhXEHUnEIfXEJYnUu", "question": 1}, "pk": 75}, {"model": "practicedocs.exercise", "fields": {"vardict": "gAJ9cQAoWAEAAABicQFjc3ltcHkuY29yZS5udW1iZXJzCkludGVnZXIKcQJK/P///4VxA1JxBH1xBWJYAQAAAGFxBmgCSwOFcQdScQh9cQlidS4=", "question": 1}, "pk": 76}, {"model": "practicedocs.exercise", "fields": {"vardict": "gAJ9cQAoWAEAAABicQFjc3ltcHkuY29yZS5udW1iZXJzCkludGVnZXIKcQJK+////4VxA1JxBH1xBWJYAQAAAGFxBmgCSwSFcQdScQh9cQlidS4=", "question": 1}, "pk": 77}, {"model": "practicedocs.exercise", "fields": {"vardict": "gAJ9cQAoWAEAAABjcQFjc3ltcHkuY29yZS5udW1iZXJzCkludGVnZXIKcQJLBIVxA1JxBH1xBWJYAgAAAHBucQZjc3ltcHkuY29yZS5udW1iZXJzCk5lZ2F0aXZlT25lCnEHKVJxCH1xCWJ1Lg==", "question": 3}, "pk": 78}, {"model": "practicedocs.exercise", "fields": {"vardict": "gAJ9cQAoWAEAAABjcQFjc3ltcHkuY29yZS5udW1iZXJzCkludGVnZXIKcQJLBYVxA1JxBH1xBWJYAgAAAHBucQZjc3ltcHkuY29yZS5udW1iZXJzCk9uZQpxBylScQh9cQlidS4=", "question": 3}, "pk": 79}, {"model": "practicedocs.exercise", "fields": {"vardict": "gAJ9cQAoWAEAAABjcQFjc3ltcHkuY29yZS5udW1iZXJzCkludGVnZXIKcQJLA4VxA1JxBH1xBWJYAgAAAHBucQZjc3ltcHkuY29yZS5udW1iZXJzCk9uZQpxBylScQh9cQlidS4=", "question": 3}, "pk": 80}, {"model": "practicedocs.exercise", "fields": {"vardict": "gAJ9cQAoWAEAAABjcQFjc3ltcHkuY29yZS5udW1iZXJzCkludGVnZXIKcQJLBoVxA1JxBH1xBWJYAgAAAHBucQZjc3ltcHkuY29yZS5udW1iZXJzCk5lZ2F0aXZlT25lCnEHKVJxCH1xCWJ1Lg==", "question": 3}, "pk": 81}, {"model": "practicedocs.exercise", "fields": {"vardict": "gAJ9cQAoWAEAAABjcQFjc3ltcHkuY29yZS5udW1iZXJzCkludGVnZXIKcQJLAoVxA1JxBH1xBWJYAgAAAHBucQZjc3ltcHkuY29yZS5udW1iZXJzCk9uZQpxBylScQh9cQlidS4=", "question": 3}, "pk": 82}, {"model": "practicedocs.exercise", "fields": {"vardict": "gAJ9cQAoWAEAAABjcQFjc3ltcHkuY29yZS5udW1iZXJzCkludGVnZXIKcQJLAoVxA1JxBH1xBWJYAgAAAHBucQZjc3ltcHkuY29yZS5udW1iZXJzCk5lZ2F0aXZlT25lCnEHKVJxCH1xCWJ1Lg==", "question": 3}, "pk": 83}, {"model": "practicedocs.exercise", "fields": {"vardict": "gAJ9cQAoWAEAAABjcQFjc3ltcHkuY29yZS5udW1iZXJzCkludGVnZXIKcQJLA4VxA1JxBH1xBWJYAgAAAHBucQZjc3ltcHkuY29yZS5udW1iZXJzCk5lZ2F0aXZlT25lCnEHKVJxCH1xCWJ1Lg==", "question": 3}, "pk": 84}, {"model": "practicedocs.exercise", "fields": {"vardict": "gAJ9cQAoWAEAAABjcQFjc3ltcHkuY29yZS5udW1iZXJzCkludGVnZXIKcQJLBYVxA1JxBH1xBWJYAgAAAHBucQZjc3ltcHkuY29yZS5udW1iZXJzCk5lZ2F0aXZlT25lCnEHKVJxCH1xCWJ1Lg==", "question": 3}, "pk": 85}, {"model": "practicedocs.exercise", "fields": {"vardict": "gAJ9cQAoWAEAAABjcQFjc3ltcHkuY29yZS5udW1iZXJzCkludGVnZXIKcQJLBoVxA1JxBH1xBWJYAgAAAHBucQZjc3ltcHkuY29yZS5udW1iZXJzCk9uZQpxBylScQh9cQlidS4=", "question": 3}, "pk": 86}, {"model": "practicedocs.exercise", "fields": {"vardict": "gAJ9cQAoWAEAAABicQFjc3ltcHkuY29yZS5udW1iZXJzCk5lZ2F0aXZlT25lCnECKVJxA31xBGJYAQAAAGFxBWNzeW1weS5jb3JlLm51bWJlcnMKSW50ZWdlcgpxBksFhXEHUnEIfXEJYnUu", "question": 1}, "pk": 87}, {"model": "practicedocs.exercise", "fields": {"vardict": "gAJ9cQAoWAEAAABicQFjc3ltcHkuY29yZS5udW1iZXJzCkludGVnZXIKcQJK+v///4VxA1JxBH1xBWJYAQAAAGFxBmNzeW1weS5jb3JlLm51bWJlcnMKT25lCnEHKVJxCH1xCWJ1Lg==", "question": 1}, "pk": 88}, {"model": "practicedocs.exercise", "fields": {"vardict": "gAJ9cQAoWAEAAABicQFjc3ltcHkuY29yZS5udW1iZXJzCkludGVnZXIKcQJK/P///4VxA1JxBH1xBWJYAQAAAGFxBmgCSwOFcQdScQh9cQlidS4=", "question": 1}, "pk": 89}, {"model": "practicedocs.exercise", "fields": {"vardict": "gAJ9cQAoWAEAAABicQFjc3ltcHkuY29yZS5udW1iZXJzCk5lZ2F0aXZlT25lCnECKVJxA31xBGJYAQAAAGFxBWNzeW1weS5jb3JlLm51bWJlcnMKSW50ZWdlcgpxBksChXEHUnEIfXEJYnUu", "question": 1}, "pk": 90}, {"model": "practicedocs.exercise", "fields": {"vardict": "gAJ9cQAoWAEAAABicQFjc3ltcHkuY29yZS5udW1iZXJzCkludGVnZXIKcQJK/P///4VxA1JxBH1xBWJYAQAAAGFxBmNzeW1weS5jb3JlLm51bWJlcnMKT25lCnEHKVJxCH1xCWJ1Lg==", "question": 1}, "pk": 91}, {"model": "practicedocs.exercise", "fields": {"vardict": "gAJ9cQAoWAEAAABicQFjc3ltcHkuY29yZS5udW1iZXJzCkludGVnZXIKcQJK/v///4VxA1JxBH1xBWJYAQAAAGFxBmgCSwaFcQdScQh9cQlidS4=", "question": 1}, "pk": 92}, {"model": "practicedocs.exercise", "fields": {"vardict": "gAJ9cQAoWAEAAABicQFjc3ltcHkuY29yZS5udW1iZXJzCkludGVnZXIKcQJK+v///4VxA1JxBH1xBWJYAQAAAGFxBmgCSwKFcQdScQh9cQlidS4=", "question": 1}, "pk": 93}, {"model": "practicedocs.exercise", "fields": {"vardict": "gAJ9cQAoWAEAAABicQFjc3ltcHkuY29yZS5udW1iZXJzCkludGVnZXIKcQJK/f///4VxA1JxBH1xBWJYAQAAAGFxBmNzeW1weS5jb3JlLm51bWJlcnMKT25lCnEHKVJxCH1xCWJ1Lg==", "question": 1}, "pk": 94}, {"model": "practicedocs.exercise", "fields": {"vardict": "gAJ9cQAoWAEAAABicQFjc3ltcHkuY29yZS5udW1iZXJzCkludGVnZXIKcQJK+v///4VxA1JxBH1xBWJYAQAAAGFxBmgCSwOFcQdScQh9cQlidS4=", "question": 1}, "pk": 95}, {"model": "practicedocs.exercise", "fields": {"vardict": "gAJ9cQAoWAEAAABicQFjc3ltcHkuY29yZS5udW1iZXJzCkludGVnZXIKcQJK/v///4VxA1JxBH1xBWJYAQAAAGFxBmgCSwOFcQdScQh9cQlidS4=", "question": 1}, "pk": 96}, {"model": "practicedocs.exercise", "fields": {"vardict": "gAJ9cQAoWAEAAABicQFjc3ltcHkuY29yZS5udW1iZXJzCk5lZ2F0aXZlT25lCnECKVJxA31xBGJYAQAAAGFxBWNzeW1weS5jb3JlLm51bWJlcnMKSW50ZWdlcgpxBksGhXEHUnEIfXEJYnUu", "question": 1}, "pk": 97}, {"model": "practicedocs.exercise", "fields": {"vardict": "gAJ9cQAoWAEAAABicQFjc3ltcHkuY29yZS5udW1iZXJzCkludGVnZXIKcQJK/P///4VxA1JxBH1xBWJYAQAAAGFxBmgCSwKFcQdScQh9cQlidS4=", "question": 1}, "pk": 98}, {"model": "exams.exampartrecipe", "fields": {"title": "Multiple Choice Portion", "exam": 1, "question_style": "mc", "show_title": true, "instructions": "Blah blah blah", "order": 0}, "pk": 1}, {"model": "exams.examrecipeitem", "fields": {"order": 1, "space_after": "5mm", "part": 1, "question_style": "mc", "name": "One-sided limit from piecewise"}, "pk": 1}, {"model": "exams.examrecipeitem", "fields": {"order": 2, "space_after": "5mm", "part": 1, "question_style": "mc", "name": "Limit of Rational Function (Exists) 1"}, "pk": 2}, {"model": "exams.examrecipeitem", "fields": {"order": 3, "space_after": "5mm", "part": 1, "question_style": "mc", "name": "Limit of Rational Function (DNE) 1"}, "pk": 3}, {"model": "exams.examrecipequestion", "fields": {"question": 3}, "pk": 1}, {"model": "exams.examrecipequestion", "fields": {"question": 4}, "pk": 2}, {"model": "exams.examrecipequestion", "fields": {"question": 5}, "pk": 3}, {"model": "exams.exam", "fields": {"form": "1", "generated_set": 1, "title": "have to tak"}, "pk": 1}, {"model": "exams.exam", "fields": {"form": "2", "generated_set": 1, "title": "have to tak"}, "pk": 2}, {"model": "exams.exam", "fields": {"form": "3", "generated_set": 1, "title": "have to tak"}, "pk": 3}, {"model": "exams.exam", "fields": {"form": "1", "generated_set": 2, "title": "Exam 1"}, "pk": 4}, {"model": "exams.exam", "fields": {"form": "2", "generated_set": 2, "title": "Exam 1"}, "pk": 5}, {"model": "exams.exam", "fields": {"form": "3", "generated_set": 2, "title": "Exam 1"}, "pk": 6}, {"model": "exams.exampart", "fields": {"title": "Tractor Beam", "exam": 1, "question_style": "mc", "show_title": true, "instructions": "We got too close, captain.  We're being sucked into the black hole.", "order": 0}, "pk": 1}, {"model": "exams.exampart", "fields": {"title": "Tractor Beam", "exam": 2, "question_style": "mc", "show_title": true, "instructions": "We got too close, captain.  We're being sucked into the black hole.", "order": 0}, "pk": 2}, {"model": "exams.exampart", "fields": {"title": "Tractor Beam", "exam": 3, "question_style": "mc", "show_title": true, "instructions": "We got too close, captain.  We're being sucked into the black hole.", "order": 0}, "pk": 3}, {"model": "exams.exampart", "fields": {"title": "Multiple Choice Portion", "exam": 4, "question_style": "mc", "show_title": true, "instructions": "Blah blah blah", "order": 0}, "pk": 4}, {"model": "exams.exampart", "fields": {"title": "Multiple Choice Portion", "exam": 5, "question_style": "mc", "show_title": true, "instructions": "Blah blah blah", "order": 0}, "pk": 5}, {"model": "exams.exampart", "fields": {"title": "Multiple Choice Portion", "exam": 6, "question_style": "mc", "show_title": true, "instructions": "Blah blah blah", "order": 0}, "pk": 6}, {"model": "exams.examquestion", "fields": {"question_text": "For the function\r\n\r\n\\[f(x) = \\begin{cases}\r\n    \\left\\lvert{x + 6}\\right\\rvert & \\text{if } x \\leq 5 \\\\\r\n    - x^{2} + 37 & \\text{if } x > 5\r\n\\end{cases}\\]  \r\n\r\nFind $\\displaystyle\\lim_{x \\to 5^+ } f(x)$", "order": 1, "vardict": "gAJ9cQAoWAEAAABjcQFjc3ltcHkuY29yZS5udW1iZXJzCkludGVnZXIKcQJLBYVxA1JxBH1xBWJYAgAAAHBucQZjc3ltcHkuY29yZS5udW1iZXJzCk9uZQpxBylScQh9cQlidS4=", "space_after": "5mm", "part": 4, "question": 3, "item": 1}, "pk": 1}, {"model": "exams.examquestion", "fields": {"question_text": "Find the limit.\r\n\r\n\\[\\lim_{ x \\to 7 } \\frac{x^{2} - 6 x - 7}{x^{2} - 49} \\]", "order": 2, "vardict": "gAJ9cQAoWAEAAABjcQFjc3ltcHkuY29yZS5udW1iZXJzCkludGVnZXIKcQJLB4VxA1JxBH1xBWJYAQAAAGFxBmNzeW1weS5jb3JlLm51bWJlcnMKT25lCnEHKVJxCH1xCWJ1Lg==", "space_after": "5mm", "part": 4, "question": 4, "item": 2}, "pk": 2}, {"model": "exams.examquestion", "fields": {"question_text": "Find the limit.\r\n\\[\\lim_{x \\to 2 } \\frac{x^{2} + 3 x - 4}{x^{2} - 3 x + 2}\\]", "order": 3, "vardict": "gAJ9cQAoWAEAAABjcQFjc3ltcHkuY29yZS5udW1iZXJzCk9uZQpxAilScQN9cQRiWAEAAABicQVjc3ltcHkuY29yZS5udW1iZXJzCkludGVnZXIKcQZLAoVxB1JxCH1xCWJYAQAAAGFxCmgGSwSFcQtScQx9cQ1idS4=", "space_after": "5mm", "part": 4, "question": 5, "item": 3}, "pk": 3}, {"model": "exams.examquestion", "fields": {"question_text": "For the function\r\n\r\n\\[f(x) = \\begin{cases}\r\n    \\left\\lvert{x + 6}\\right\\rvert & \\text{if } x < 5 \\\\\r\n    - x^{2} + 37 & \\text{if } x \\geq 5\r\n\\end{cases}\\]  \r\n\r\nFind $\\displaystyle\\lim_{x \\to 5^- } f(x)$", "order": 1, "vardict": "gAJ9cQAoWAEAAABjcQFjc3ltcHkuY29yZS5udW1iZXJzCkludGVnZXIKcQJLBYVxA1JxBH1xBWJYAgAAAHBucQZjc3ltcHkuY29yZS5udW1iZXJzCk5lZ2F0aXZlT25lCnEHKVJxCH1xCWJ1Lg==", "space_after": "5mm", "part": 5, "question": 3, "item": 1}, "pk": 4}, {"model": "exams.examquestion", "fields": {"question_text": "Find the limit.\r\n\r\n\\[\\lim_{ x \\to 4 } \\frac{x^{2} - 2 x - 8}{x^{2} - 16} \\]", "order": 2, "vardict": "gAJ9cQAoWAEAAABjcQFjc3ltcHkuY29yZS5udW1iZXJzCkludGVnZXIKcQJLBIVxA1JxBH1xBWJYAQAAAGFxBmgCSwKFcQdScQh9cQlidS4=", "space_after": "5mm", "part": 5, "question": 4, "item": 2}, "pk": 5}, {"model": "exams.examquestion", "fields": {"question_text": "Find the limit.\r\n\\[\\lim_{x \\to 5 } \\frac{x^{2} + x - 2}{x^{2} - 6 x + 5}\\]", "order": 3, "vardict": "gAJ9cQAoWAEAAABjcQFjc3ltcHkuY29yZS5udW1iZXJzCk9uZQpxAilScQN9cQRiWAEAAABicQVjc3ltcHkuY29yZS5udW1iZXJzCkludGVnZXIKcQZLBYVxB1JxCH1xCWJYAQAAAGFxCmgGSwKFcQtScQx9cQ1idS4=", "space_after": "5mm", "part": 5, "question": 5, "item": 3}, "pk": 6}, {"model": "exams.examquestion", "fields": {"question_text": "For the function\r\n\r\n\\[f(x) = \\begin{cases}\r\n    \\left\\lvert{x + 4}\\right\\rvert & \\text{if } x \\leq 3 \\\\\r\n    - x^{2} + 17 & \\text{if } x > 3\r\n\\end{cases}\\]  \r\n\r\nFind $\\displaystyle\\lim_{x \\to 3^+ } f(x)$", "order": 1, "vardict": "gAJ9cQAoWAEAAABjcQFjc3ltcHkuY29yZS5udW1iZXJzCkludGVnZXIKcQJLA4VxA1JxBH1xBWJYAgAAAHBucQZjc3ltcHkuY29yZS5udW1iZXJzCk9uZQpxBylScQh9cQlidS4=", "space_after": "5mm", "part": 6, "question": 3, "item": 1}, "pk": 7}, {"model": "exams.examquestion", "fields": {"question_text": "Find the limit.\r\n\r\n\\[\\lim_{ x \\to 7 } \\frac{x^{2} - x - 42}{x^{2} - 49} \\]", "order": 2, "vardict": "gAJ9cQAoWAEAAABjcQFjc3ltcHkuY29yZS5udW1iZXJzCkludGVnZXIKcQJLB4VxA1JxBH1xBWJYAQAAAGFxBmgCSwaFcQdScQh9cQlidS4=", "space_after": "5mm", "part": 6, "question": 4, "item": 2}, "pk": 8}, {"model": "exams.examquestion", "fields": {"question_text": "Find the limit.\r\n\\[\\lim_{x \\to 4 } \\frac{x^{2} + x - 2}{x^{2} - 5 x + 4}\\]", "order": 3, "vardict": "gAJ9cQAoWAEAAABjcQFjc3ltcHkuY29yZS5udW1iZXJzCk9uZQpxAilScQN9cQRiWAEAAABicQVjc3ltcHkuY29yZS5udW1iZXJzCkludGVnZXIKcQZLBIVxB1JxCH1xCWJYAQAAAGFxCmgGSwKFcQtScQx9cQ1idS4=", "space_after": "5mm", "part": 6, "question": 5, "item": 3}, "pk": 9}, {"model": "exams.examanswerchoice", "fields": {"choice_text": "$-11$", "correct": false, "comment": null, "position": 0, "exam_question": 1}, "pk": 1}, {"model": "exams.examanswerchoice", "fields": {"choice_text": "$12$", "correct": true, "comment": null, "position": 1, "exam_question": 1}, "pk": 2}, {"model": "exams.examanswerchoice", "fields": {"choice_text": "$5$", "correct": false, "comment": null, "position": 2, "exam_question": 1}, "pk": 3}, {"model": "exams.examanswerchoice", "fields": {"choice_text": "$11$", "correct": false, "comment": null, "position": 3, "exam_question": 1}, "pk": 4}, {"model": "exams.examanswerchoice", "fields": {"choice_text": "Does Not Exist", "correct": false, "comment": null, "position": 4, "exam_question": 1}, "pk": 5}, {"model": "exams.examanswerchoice", "fields": {"choice_text": "$-1$", "correct": false, "comment": null, "position": 0, "exam_question": 2}, "pk": 6}, {"model": "exams.examanswerchoice", "fields": {"choice_text": "$\\frac{4}{7}$", "correct": true, "comment": null, "position": 1, "exam_question": 2}, "pk": 7}, {"model": "exams.examanswerchoice", "fields": {"choice_text": "$1$", "correct": false, "comment": null, "position": 2, "exam_question": 2}, "pk": 8}, {"model": "exams.examanswerchoice", "fields": {"choice_text": "$-7$", "correct": false, "comment": null, "position": 3, "exam_question": 2}, "pk": 9}, {"model": "exams.examanswerchoice", "fields": {"choice_text": "Does Not Exist", "correct": false, "comment": null, "position": 4, "exam_question": 2}, "pk": 10}, {"model": "exams.examanswerchoice", "fields": {"choice_text": "$1$", "correct": false, "comment": null, "position": 0, "exam_question": 3}, "pk": 11}, {"model": "exams.examanswerchoice", "fields": {"choice_text": "$0$", "correct": false, "comment": null, "position": 1, "exam_question": 3}, "pk": 12}, {"model": "exams.examanswerchoice", "fields": {"choice_text": "$-4$", "correct": false, "comment": null, "position": 2, "exam_question": 3}, "pk": 13}, {"model": "exams.examanswerchoice", "fields": {"choice_text": "$\\frac{5}{2}$", "correct": false, "comment": null, "position": 3, "exam_question": 3}, "pk": 14}, {"model": "exams.examanswerchoice", "fields": {"choice_text": "Does Not Exist", "correct": true, "comment": null, "position": 4, "exam_question": 3}, "pk": 15}, {"model": "exams.examanswerchoice", "fields": {"choice_text": "$5$", "correct": false, "comment": null, "position": 0, "exam_question": 4}, "pk": 16}, {"model": "exams.examanswerchoice", "fields": {"choice_text": "$12$", "correct": false, "comment": null, "position": 1, "exam_question": 4}, "pk": 17}, {"model": "exams.examanswerchoice", "fields": {"choice_text": "$11$", "correct": true, "comment": null, "position": 2, "exam_question": 4}, "pk": 18}, {"model": "exams.examanswerchoice", "fields": {"choice_text": "$-11$", "correct": false, "comment": null, "position": 3, "exam_question": 4}, "pk": 19}, {"model": "exams.examanswerchoice", "fields": {"choice_text": "Does Not Exist", "correct": false, "comment": null, "position": 4, "exam_question": 4}, "pk": 20}, {"model": "exams.examanswerchoice", "fields": {"choice_text": "$-4$", "correct": false, "comment": null, "position": 0, "exam_question": 5}, "pk": 21}, {"model": "exams.examanswerchoice", "fields": {"choice_text": "$-1$", "correct": false, "comment": null, "position": 1, "exam_question": 5}, "pk": 22}, {"model": "exams.examanswerchoice", "fields": {"choice_text": "$\\frac{3}{4}$", "correct": true, "comment": null, "position": 2, "exam_question": 5}, "pk": 23}, {"model": "exams.examanswerchoice", "fields": {"choice_text": "$- \\frac{1}{2}$", "correct": false, "comment": null, "position": 3, "exam_question": 5}, "pk": 24}, {"model": "exams.examanswerchoice", "fields": {"choice_text": "Does Not Exist", "correct": false, "comment": null, "position": 4, "exam_question": 5}, "pk": 25}, {"model": "exams.examanswerchoice", "fields": {"choice_text": "$-5$", "correct": false, "comment": null, "position": 0, "exam_question": 6}, "pk": 26}, {"model": "exams.examanswerchoice", "fields": {"choice_text": "$1$", "correct": false, "comment": null, "position": 1, "exam_question": 6}, "pk": 27}, {"model": "exams.examanswerchoice", "fields": {"choice_text": "$-2$", "correct": false, "comment": null, "position": 2, "exam_question": 6}, "pk": 28}, {"model": "exams.examanswerchoice", "fields": {"choice_text": "$0$", "correct": false, "comment": null, "position": 3, "exam_question": 6}, "pk": 29}, {"model": "exams.examanswerchoice", "fields": {"choice_text": "Does Not Exist", "correct": true, "comment": null, "position": 4, "exam_question": 6}, "pk": 30}, {"model": "exams.examanswerchoice", "fields": {"choice_text": "$7$", "correct": false, "comment": null, "position": 0, "exam_question": 7}, "pk": 31}, {"model": "exams.examanswerchoice", "fields": {"choice_text": "$3$", "correct": false, "comment": null, "position": 1, "exam_question": 7}, "pk": 32}, {"model": "exams.examanswerchoice", "fields": {"choice_text": "$8$", "correct": true, "comment": null, "position": 2, "exam_question": 7}, "pk": 33}, {"model": "exams.examanswerchoice", "fields": {"choice_text": "$-7$", "correct": false, "comment": null, "position": 3, "exam_question": 7}, "pk": 34}, {"model": "exams.examanswerchoice", "fields": {"choice_text": "Does Not Exist", "correct": false, "comment": null, "position": 4, "exam_question": 7}, "pk": 35}, {"model": "exams.examanswerchoice", "fields": {"choice_text": "$-1$", "correct": false, "comment": null, "position": 0, "exam_question": 8}, "pk": 36}, {"model": "exams.examanswerchoice", "fields": {"choice_text": "$1$", "correct": false, "comment": null, "position": 1, "exam_question": 8}, "pk": 37}, {"model": "exams.examanswerchoice", "fields": {"choice_text": "$\\frac{13}{14}$", "correct": true, "comment": null, "position": 2, "exam_question": 8}, "pk": 38}, {"model": "exams.examanswerchoice", "fields": {"choice_text": "$-7$", "correct": false, "comment": null, "position": 3, "exam_question": 8}, "pk": 39}, {"model": "exams.examanswerchoice", "fields": {"choice_text": "Does Not Exist", "correct": false, "comment": null, "position": 4, "exam_question": 8}, "pk": 40}, {"model": "exams.examanswerchoice", "fields": {"choice_text": "$1$", "correct": false, "comment": null, "position": 0, "exam_question": 9}, "pk": 41}, {"model": "exams.examanswerchoice", "fields": {"choice_text": "$-2$", "correct": false, "comment": null, "position": 1, "exam_question": 9}, "pk": 42}, {"model": "exams.examanswerchoice", "fields": {"choice_text": "$-1$", "correct": false, "comment": null, "position": 2, "exam_question": 9}, "pk": 43}, {"model": "exams.examanswerchoice", "fields": {"choice_text": "$0$", "correct": false, "comment": null, "position": 3, "exam_question": 9}, "pk": 44}, {"model": "exams.examanswerchoice", "fields": {"choice_text": "Does Not Exist", "correct": true, "comment": null, "position": 4, "exam_question": 9}, "pk": 45}, {"model": "simplified.foo", "fields": {"name": "from shell"}, "pk": 1}, {"model": "simplified.foo", "fields": {"name": "lalala"}, "pk": 2}, {"model": "simplified.foo", "fields": {"name": "bobobobo"}, "pk": 3}, {"model": "simplified.bar", "fields": {"foo": 1, "barname": "moop"}, "pk": 1}, {"model": "simplified.bar", "fields": {"foo": 1, "barname": "moopy_moop"}, "pk": 2}, {"model": "simplified.bar", "fields": {"foo": 1, "barname": "moo5"}, "pk": 3}, {"model": "simplified.bar", "fields": {"foo": 2, "barname": "whoosits"}, "pk": 4}, {"model": "simplified.bar", "fields": {"foo": 2, "barname": "bink"}, "pk": 5}, {"model": "simplified.bar", "fields": {"foo": 3, "barname": "coo"}, "pk": 6}, {"model": "simplified.bar", "fields": {"foo": 3, "barname": "rahrah"}, "pk": 7}, {"model": "simplified.bar", "fields": {"foo": 2, "barname": "6h"}, "pk": 8}, {"model": "simplified.bar", "fields": {"foo": 3, "barname": "sd"}, "pk": 9}, {"model": "auth.permission", "fields": {"content_type": 1, "codename": "add_logentry", "name": "Can add log entry"}, "pk": 1}, {"model": "auth.permission", "fields": {"content_type": 1, "codename": "change_logentry", "name": "Can change log entry"}, "pk": 2}, {"model": "auth.permission", "fields": {"content_type": 1, "codename": "delete_logentry", "name": "Can delete log entry"}, "pk": 3}, {"model": "auth.permission", "fields": {"content_type": 2, "codename": "add_permission", "name": "Can add permission"}, "pk": 4}, {"model": "auth.permission", "fields": {"content_type": 2, "codename": "change_permission", "name": "Can change permission"}, "pk": 5}, {"model": "auth.permission", "fields": {"content_type": 2, "codename": "delete_permission", "name": "Can delete permission"}, "pk": 6}, {"model": "auth.permission", "fields": {"content_type": 3, "codename": "add_group", "name": "Can add group"}, "pk": 7}, {"model": "auth.permission", "fields": {"content_type": 3, "codename": "change_group", "name": "Can change group"}, "pk": 8}, {"model": "auth.permission", "fields": {"content_type": 3, "codename": "delete_group", "name": "Can delete group"}, "pk": 9}, {"model": "auth.permission", "fields": {"content_type": 4, "codename": "add_user", "name": "Can add user"}, "pk": 10}, {"model": "auth.permission", "fields": {"content_type": 4, "codename": "change_user", "name": "Can change user"}, "pk": 11}, {"model": "auth.permission", "fields": {"content_type": 4, "codename": "delete_user", "name": "Can delete user"}, "pk": 12}, {"model": "auth.permission", "fields": {"content_type": 5, "codename": "add_contenttype", "name": "Can add content type"}, "pk": 13}, {"model": "auth.permission", "fields": {"content_type": 5, "codename": "change_contenttype", "name": "Can change content type"}, "pk": 14}, {"model": "auth.permission", "fields": {"content_type": 5, "codename": "delete_contenttype", "name": "Can delete content type"}, "pk": 15}, {"model": "auth.permission", "fields": {"content_type": 6, "codename": "add_session", "name": "Can add session"}, "pk": 16}, {"model": "auth.permission", "fields": {"content_type": 6, "codename": "change_session", "name": "Can change session"}, "pk": 17}, {"model": "auth.permission", "fields": {"content_type": 6, "codename": "delete_session", "name": "Can delete session"}, "pk": 18}, {"model": "auth.permission", "fields": {"content_type": 7, "codename": "add_migrationhistory", "name": "Can add migration history"}, "pk": 19}, {"model": "auth.permission", "fields": {"content_type": 7, "codename": "change_migrationhistory", "name": "Can change migration history"}, "pk": 20}, {"model": "auth.permission", "fields": {"content_type": 7, "codename": "delete_migrationhistory", "name": "Can delete migration history"}, "pk": 21}, {"model": "auth.permission", "fields": {"content_type": 8, "codename": "add_question", "name": "Can add question"}, "pk": 22}, {"model": "auth.permission", "fields": {"content_type": 8, "codename": "change_question", "name": "Can change question"}, "pk": 23}, {"model": "auth.permission", "fields": {"content_type": 8, "codename": "delete_question", "name": "Can delete question"}, "pk": 24}, {"model": "auth.permission", "fields": {"content_type": 9, "codename": "add_randvar", "name": "Can add rand var"}, "pk": 25}, {"model": "auth.permission", "fields": {"content_type": 9, "codename": "change_randvar", "name": "Can change rand var"}, "pk": 26}, {"model": "auth.permission", "fields": {"content_type": 9, "codename": "delete_randvar", "name": "Can delete rand var"}, "pk": 27}, {"model": "auth.permission", "fields": {"content_type": 10, "codename": "add_condition", "name": "Can add condition"}, "pk": 28}, {"model": "auth.permission", "fields": {"content_type": 10, "codename": "change_condition", "name": "Can change condition"}, "pk": 29}, {"model": "auth.permission", "fields": {"content_type": 10, "codename": "delete_condition", "name": "Can delete condition"}, "pk": 30}, {"model": "auth.permission", "fields": {"content_type": 13, "codename": "add_answerchoice", "name": "Can add answer choice"}, "pk": 37}, {"model": "auth.permission", "fields": {"content_type": 13, "codename": "change_answerchoice", "name": "Can change answer choice"}, "pk": 38}, {"model": "auth.permission", "fields": {"content_type": 13, "codename": "delete_answerchoice", "name": "Can delete answer choice"}, "pk": 39}, {"model": "auth.permission", "fields": {"content_type": 19, "codename": "add_foo", "name": "Can add foo"}, "pk": 55}, {"model": "auth.permission", "fields": {"content_type": 19, "codename": "change_foo", "name": "Can change foo"}, "pk": 56}, {"model": "auth.permission", "fields": {"content_type": 19, "codename": "delete_foo", "name": "Can delete foo"}, "pk": 57}, {"model": "auth.permission", "fields": {"content_type": 20, "codename": "add_bar", "name": "Can add bar"}, "pk": 58}, {"model": "auth.permission", "fields": {"content_type": 20, "codename": "change_bar", "name": "Can change bar"}, "pk": 59}, {"model": "auth.permission", "fields": {"content_type": 20, "codename": "delete_bar", "name": "Can delete bar"}, "pk": 60}, {"model": "auth.permission", "fields": {"content_type": 21, "codename": "add_badcodewarning", "name": "Can add bad code warning"}, "pk": 61}, {"model": "auth.permission", "fields": {"content_type": 21, "codename": "change_badcodewarning", "name": "Can change bad code warning"}, "pk": 62}, {"model": "auth.permission", "fields": {"content_type": 21, "codename": "delete_badcodewarning", "name": "Can delete bad code warning"}, "pk": 63}, {"model": "auth.permission", "fields": {"content_type": 22, "codename": "add_documentrecipe", "name": "Can add document recipe"}, "pk": 64}, {"model": "auth.permission", "fields": {"content_type": 22, "codename": "change_documentrecipe", "name": "Can change document recipe"}, "pk": 65}, {"model": "auth.permission", "fields": {"content_type": 22, "codename": "delete_documentrecipe", "name": "Can delete document recipe"}, "pk": 66}, {"model": "auth.permission", "fields": {"content_type": 23, "codename": "add_blockrecipe", "name": "Can add block recipe"}, "pk": 67}, {"model": "auth.permission", "fields": {"content_type": 23, "codename": "change_blockrecipe", "name": "Can change block recipe"}, "pk": 68}, {"model": "auth.permission", "fields": {"content_type": 23, "codename": "delete_blockrecipe", "name": "Can delete block recipe"}, "pk": 69}, {"model": "auth.permission", "fields": {"content_type": 24, "codename": "add_document", "name": "Can add document"}, "pk": 70}, {"model": "auth.permission", "fields": {"content_type": 24, "codename": "change_document", "name": "Can change document"}, "pk": 71}, {"model": "auth.permission", "fields": {"content_type": 24, "codename": "delete_document", "name": "Can delete document"}, "pk": 72}, {"model": "auth.permission", "fields": {"content_type": 25, "codename": "add_exercise", "name": "Can add exercise"}, "pk": 73}, {"model": "auth.permission", "fields": {"content_type": 25, "codename": "change_exercise", "name": "Can change exercise"}, "pk": 74}, {"model": "auth.permission", "fields": {"content_type": 25, "codename": "delete_exercise", "name": "Can delete exercise"}, "pk": 75}, {"model": "auth.permission", "fields": {"content_type": 26, "codename": "add_block", "name": "Can add block"}, "pk": 76}, {"model": "auth.permission", "fields": {"content_type": 26, "codename": "change_block", "name": "Can change block"}, "pk": 77}, {"model": "auth.permission", "fields": {"content_type": 26, "codename": "delete_block", "name": "Can delete block"}, "pk": 78}, {"model": "auth.permission", "fields": {"content_type": 27, "codename": "add_schema", "name": "Can add schema"}, "pk": 79}, {"model": "auth.permission", "fields": {"content_type": 27, "codename": "change_schema", "name": "Can change schema"}, "pk": 80}, {"model": "auth.permission", "fields": {"content_type": 27, "codename": "delete_schema", "name": "Can delete schema"}, "pk": 81}, {"model": "auth.permission", "fields": {"content_type": 28, "codename": "add_objective", "name": "Can add objective"}, "pk": 82}, {"model": "auth.permission", "fields": {"content_type": 28, "codename": "change_objective", "name": "Can change objective"}, "pk": 83}, {"model": "auth.permission", "fields": {"content_type": 28, "codename": "delete_objective", "name": "Can delete objective"}, "pk": 84}, {"model": "auth.permission", "fields": {"content_type": 29, "codename": "add_topic", "name": "Can add topic"}, "pk": 85}, {"model": "auth.permission", "fields": {"content_type": 29, "codename": "change_topic", "name": "Can change topic"}, "pk": 86}, {"model": "auth.permission", "fields": {"content_type": 29, "codename": "delete_topic", "name": "Can delete topic"}, "pk": 87}, {"model": "auth.permission", "fields": {"content_type": 30, "codename": "add_subtopic", "name": "Can add subtopic"}, "pk": 88}, {"model": "auth.permission", "fields": {"content_type": 30, "codename": "change_subtopic", "name": "Can change subtopic"}, "pk": 89}, {"model": "auth.permission", "fields": {"content_type": 30, "codename": "delete_subtopic", "name": "Can delete subtopic"}, "pk": 90}, {"model": "auth.permission", "fields": {"content_type": 31, "codename": "add_validation", "name": "Can add validation"}, "pk": 91}, {"model": "auth.permission", "fields": {"content_type": 31, "codename": "change_validation", "name": "Can change validation"}, "pk": 92}, {"model": "auth.permission", "fields": {"content_type": 31, "codename": "delete_validation", "name": "Can delete validation"}, "pk": 93}, {"model": "auth.permission", "fields": {"content_type": 32, "codename": "add_examrecipe", "name": "Can add exam recipe"}, "pk": 94}, {"model": "auth.permission", "fields": {"content_type": 32, "codename": "change_examrecipe", "name": "Can change exam recipe"}, "pk": 95}, {"model": "auth.permission", "fields": {"content_type": 32, "codename": "delete_examrecipe", "name": "Can delete exam recipe"}, "pk": 96}, {"model": "auth.permission", "fields": {"content_type": 33, "codename": "add_exampartrecipe", "name": "Can add exam part recipe"}, "pk": 97}, {"model": "auth.permission", "fields": {"content_type": 33, "codename": "change_exampartrecipe", "name": "Can change exam part recipe"}, "pk": 98}, {"model": "auth.permission", "fields": {"content_type": 33, "codename": "delete_exampartrecipe", "name": "Can delete exam part recipe"}, "pk": 99}, {"model": "auth.permission", "fields": {"content_type": 34, "codename": "add_examrecipeitem", "name": "Can add exam recipe item"}, "pk": 100}, {"model": "auth.permission", "fields": {"content_type": 34, "codename": "change_examrecipeitem", "name": "Can change exam recipe item"}, "pk": 101}, {"model": "auth.permission", "fields": {"content_type": 34, "codename": "delete_examrecipeitem", "name": "Can delete exam recipe item"}, "pk": 102}, {"model": "auth.permission", "fields": {"content_type": 35, "codename": "add_examrecipequestion", "name": "Can add exam recipe question"}, "pk": 103}, {"model": "auth.permission", "fields": {"content_type": 35, "codename": "change_examrecipequestion", "name": "Can change exam recipe question"}, "pk": 104}, {"model": "auth.permission", "fields": {"content_type": 35, "codename": "delete_examrecipequestion", "name": "Can delete exam recipe question"}, "pk": 105}, {"model": "auth.permission", "fields": {"content_type": 36, "codename": "add_examrecipepool", "name": "Can add exam recipe pool"}, "pk": 106}, {"model": "auth.permission", "fields": {"content_type": 36, "codename": "change_examrecipepool", "name": "Can change exam recipe pool"}, "pk": 107}, {"model": "auth.permission", "fields": {"content_type": 36, "codename": "delete_examrecipepool", "name": "Can delete exam recipe pool"}, "pk": 108}, {"model": "auth.permission", "fields": {"content_type": 37, "codename": "add_exam", "name": "Can add exam"}, "pk": 109}, {"model": "auth.permission", "fields": {"content_type": 37, "codename": "change_exam", "name": "Can change exam"}, "pk": 110}, {"model": "auth.permission", "fields": {"content_type": 37, "codename": "delete_exam", "name": "Can delete exam"}, "pk": 111}, {"model": "auth.permission", "fields": {"content_type": 38, "codename": "add_exampart", "name": "Can add exam part"}, "pk": 112}, {"model": "auth.permission", "fields": {"content_type": 38, "codename": "change_exampart", "name": "Can change exam part"}, "pk": 113}, {"model": "auth.permission", "fields": {"content_type": 38, "codename": "delete_exampart", "name": "Can delete exam part"}, "pk": 114}, {"model": "auth.permission", "fields": {"content_type": 39, "codename": "add_examquestion", "name": "Can add exam question"}, "pk": 115}, {"model": "auth.permission", "fields": {"content_type": 39, "codename": "change_examquestion", "name": "Can change exam question"}, "pk": 116}, {"model": "auth.permission", "fields": {"content_type": 39, "codename": "delete_examquestion", "name": "Can delete exam question"}, "pk": 117}, {"model": "auth.permission", "fields": {"content_type": 40, "codename": "add_examanswerchoice", "name": "Can add exam answer choice"}, "pk": 118}, {"model": "auth.permission", "fields": {"content_type": 40, "codename": "change_examanswerchoice", "name": "Can change exam answer choice"}, "pk": 119}, {"model": "auth.permission", "fields": {"content_type": 40, "codename": "delete_examanswerchoice", "name": "Can delete exam answer choice"}, "pk": 120}, {"model": "auth.permission", "fields": {"content_type": 41, "codename": "add_meep", "name": "Can add meep"}, "pk": 121}, {"model": "auth.permission", "fields": {"content_type": 41, "codename": "change_meep", "name": "Can change meep"}, "pk": 122}, {"model": "auth.permission", "fields": {"content_type": 41, "codename": "delete_meep", "name": "Can delete meep"}, "pk": 123}, {"model": "auth.permission", "fields": {"content_type": 42, "codename": "add_generatedset", "name": "Can add generated set"}, "pk": 124}, {"model": "auth.permission", "fields": {"content_type": 42, "codename": "change_generatedset", "name": "Can change generated set"}, "pk": 125}, {"model": "auth.permission", "fields": {"content_type": 42, "codename": "delete_generatedset", "name": "Can delete generated set"}, "pk": 126}, {"model": "auth.permission", "fields": {"content_type": 43, "codename": "add_formattingpreferences", "name": "Can add formatting preferences"}, "pk": 127}, {"model": "auth.permission", "fields": {"content_type": 43, "codename": "change_formattingpreferences", "name": "Can change formatting preferences"}, "pk": 128}, {"model": "auth.permission", "fields": {"content_type": 43, "codename": "delete_formattingpreferences", "name": "Can delete formatting preferences"}, "pk": 129}, {"model": "auth.permission", "fields": {"content_type": 44, "codename": "add_textbook", "name": "Can add textbook"}, "pk": 130}, {"model": "auth.permission", "fields": {"content_type": 44, "codename": "change_textbook", "name": "Can change textbook"}, "pk": 131}, {"model": "auth.permission", "fields": {"content_type": 44, "codename": "delete_textbook", "name": "Can delete textbook"}, "pk": 132}, {"model": "auth.permission", "fields": {"content_type": 45, "codename": "add_coursetype", "name": "Can add course type"}, "pk": 133}, {"model": "auth.permission", "fields": {"content_type": 45, "codename": "change_coursetype", "name": "Can change course type"}, "pk": 134}, {"model": "auth.permission", "fields": {"content_type": 45, "codename": "delete_coursetype", "name": "Can delete course type"}, "pk": 135}, {"model": "auth.permission", "fields": {"content_type": 46, "codename": "add_course", "name": "Can add course"}, "pk": 136}, {"model": "auth.permission", "fields": {"content_type": 46, "codename": "change_course", "name": "Can change course"}, "pk": 137}, {"model": "auth.permission", "fields": {"content_type": 46, "codename": "delete_course", "name": "Can delete course"}, "pk": 138}, {"model": "auth.group", "fields": {"permissions": [37, 38, 39, 28, 29, 30, 22, 23, 24, 25, 26, 27], "name": "Question Authors"}, "pk": 1}, {"model": "auth.user", "fields": {"last_name": "", "username": "kate", "password": "pbkdf2_sha256$12000$t1VH1ikpoCQR$LBpeIzvPwl9R/fgSv89X4rBg3zmx3YqMZeZtFMNT/Jc=", "is_active": true, "is_superuser": true, "last_login": "2014-08-09T18:30:44.554Z", "email": "k@k.com", "is_staff": true, "date_joined": "2014-03-24T22:42:24.756Z", "first_name": "", "groups": [], "user_permissions": []}, "pk": 1}, {"model": "auth.user", "fields": {"last_name": "", "username": "fakey", "password": "pbkdf2_sha256$12000$9vxRqSYgbfI2$cMGSS3JGRdG0WKvoTeHCEX/gozjq6Ergt7zIuyUlTOo=", "is_active": true, "is_superuser": false, "last_login": "2014-04-16T01:15:26Z", "email": "", "is_staff": false, "date_joined": "2014-04-16T01:15:26Z", "first_name": "", "groups": [], "user_permissions": []}, "pk": 2}, {"model": "questions.question", "fields": {"created_by": 1, "comment": "", "symbol_vars": "x", "date_added": "2014-03-25", "packages": "", "code": "expr = (x+a)*(x+b)\r\nexpr = expr.expand()", "last_updated": "2014-05-15T19:14:06.592Z", "short_version": "${expr}$", "question_text": "Factor completely. \\[{expr}\\]", "prompt": "Factor completely.", "name": "Factoring trinomial 151"}, "pk": 1}, {"model": "questions.question", "fields": {"created_by": 1, "comment": "", "symbol_vars": "x", "date_added": "2014-04-04", "packages": "", "code": "expr = (x-a)**2\r\nexpanded = expr.expand()", "last_updated": "2014-05-17T17:01:18.589Z", "short_version": "${expanded}$", "question_text": "Factor completely.\\[{expanded}\\]", "prompt": "Factor completely.", "name": "Factor Perfect Square"}, "pk": 2}, {"model": "questions.question", "fields": {"created_by": 1, "comment": "", "symbol_vars": "x", "date_added": "2014-05-20", "packages": "", "code": "b = c**2 + 2*c +2\r\nf1 = abs(x+c+1)\r\nf2 = b - x**2\r\n\r\nif pn == S(1):\r\n    sign = '+'\r\n    comp1, comp2 = r'\\leq', '>'\r\n    correct, distract1 = (2*c+2, 2*c+1)\r\nelse:\r\n    sign = '-'\r\n    comp1, comp2 = '<', r'\\geq'\r\n    correct, distract1 = (2*c+1, 2*c+2)\r\n", "last_updated": "2014-05-23T19:36:39.148Z", "short_version": "$\\displaystyle f(x) = \\begin{{cases}}     {f1} & \\text{{if }} x {comp1} {c} \\\\     {f2} & \\text{{if }} x {comp2} {c} \\end{{cases}}, ~~  \\lim_{{x \\to {c}^{sign} }} f(x)$", "question_text": "For the function\r\n\r\n\\[f(x) = \\begin{{cases}}\r\n    {f1} & \\text{{if }} x {comp1} {c} \\\\\r\n    {f2} & \\text{{if }} x {comp2} {c}\r\n\\end{{cases}}\\]  \r\n\r\nFind $\\displaystyle\\lim_{{x \\to {c}^{sign} }} f(x)$", "prompt": "Find the limit.", "name": "One-sided limit from piecewise"}, "pk": 3}, {"model": "questions.question", "fields": {"created_by": 1, "comment": "", "symbol_vars": "x", "date_added": "2014-05-21", "packages": "", "code": "denom = x**2 - c**2\r\nnumer = ((x+a)*(x-c)).expand()\r\nrat = numer/denom", "last_updated": "2014-05-21T19:59:33.190Z", "short_version": "$\\displaystyle \\lim_{{ x \\to {c} }} {rat}$", "question_text": "Find the limit.\r\n\r\n\\[\\lim_{{ x \\to {c} }} {rat} \\]", "prompt": "Find the limit.", "name": "Limit of Rational Function (Exists) 1"}, "pk": 4}, {"model": "questions.question", "fields": {"created_by": 1, "comment": "", "symbol_vars": "x", "date_added": "2014-05-21", "packages": "", "code": "denom = ((x-b)*(x-c)).expand()\r\nnumer = ((x+a)*(x-c)).expand()\r\nrat = numer/denom\r\n", "last_updated": "2014-05-21T19:59:52.937Z", "short_version": "$\\displaystyle\\lim_{{x \\to {b} }} {rat} $", "question_text": "Find the limit.\r\n\\[\\lim_{{x \\to {b} }} {rat}\\]", "prompt": "Find the limit.", "name": "Limit of Rational Function (DNE) 1"}, "pk": 5}, {"model": "questions.question", "fields": {"created_by": 1, "comment": "", "symbol_vars": "x", "date_added": "2014-06-13", "packages": "", "code": "denom = ((x-b)*(x-c)).expand()\r\nnumer = ((x-a)*(x-c)).expand()\r\nrat = numer/denom\r\n", "last_updated": "2014-06-13T16:27:27.982Z", "short_version": "$f(x)={rat}$", "question_text": "Find all discontinuities of the function $f(x)={rat}$.", "prompt": "Find all discontinuities for each function.", "name": "Find all discontinuities of rational function 1"}, "pk": 6}, {"model": "questions.validation", "fields": {"last_verified": "2014-05-17T17:01:25.930Z", "num_poss": 4, "validated_by": 1, "vardicts": "gAJdcQAofXEBWAEAAABhcQJjc3ltcHkuY29yZS5udW1iZXJzCkludGVnZXIKcQNLAoVxBFJxBX1xBmJzfXEHaAJoA0sDhXEIUnEJfXEKYnN9cQtoAmgDSwWFcQxScQ19cQ5ic31xD2gCaANLB4VxEFJxEX1xEmJzZS4=", "question": 2}, "pk": 1}, {"model": "questions.validation", "fields": {"last_verified": "2014-05-16T02:09:26.920Z", "num_poss": 36, "validated_by": 1, "vardicts": "gAJdcQAofXEBKFgBAAAAYnECY3N5bXB5LmNvcmUubnVtYmVycwpJbnRlZ2VyCnEDSvn///+FcQRScQV9cQZiWAEAAABhcQdjc3ltcHkuY29yZS5udW1iZXJzCk9uZQpxCClScQl9cQpidX1xCyhoAmgDSvr///+FcQxScQ19cQ5iaAdoCXV9cQ8oaAJoA0r7////hXEQUnERfXESYmgHaAl1fXETKGgCaANK/P///4VxFFJxFX1xFmJoB2gJdX1xFyhoAmgDSv3///+FcRhScRl9cRpiaAdoCXV9cRsoaAJoA0r+////hXEcUnEdfXEeYmgHaAl1fXEfKGgCaAVoB2gDSwKFcSBScSF9cSJidX1xIyhoAmgNaAdoIXV9cSQoaAJoEWgHaCF1fXElKGgCaBVoB2ghdX1xJihoAmgZaAdoIXV9cScoaAJjc3ltcHkuY29yZS5udW1iZXJzCk5lZ2F0aXZlT25lCnEoKVJxKX1xKmJoB2ghdX1xKyhoAmgFaAdoA0sDhXEsUnEtfXEuYnV9cS8oaAJoDWgHaC11fXEwKGgCaBFoB2gtdX1xMShoAmgVaAdoLXV9cTIoaAJoHWgHaC11fXEzKGgCaCloB2gtdX1xNChoAmgFaAdoA0sEhXE1UnE2fXE3YnV9cTgoaAJoDWgHaDZ1fXE5KGgCaBFoB2g2dX1xOihoAmgZaAdoNnV9cTsoaAJoHWgHaDZ1fXE8KGgCaCloB2g2dX1xPShoAmgFaAdoA0sFhXE+UnE/fXFAYnV9cUEoaAJoDWgHaD91fXFCKGgCaBVoB2g/dX1xQyhoAmgZaAdoP3V9cUQoaAJoHWgHaD91fXFFKGgCaCloB2g/dX1xRihoAmgFaAdoA0sGhXFHUnFIfXFJYnV9cUooaAJoEWgHaEh1fXFLKGgCaBVoB2hIdX1xTChoAmgZaAdoSHV9cU0oaAJoHWgHaEh1fXFOKGgCaCloB2hIdWUu", "question": 1}, "pk": 2}, {"model": "questions.validation", "fields": {"last_verified": "2014-05-21T01:51:56.635Z", "num_poss": 12, "validated_by": 1, "vardicts": "gAJdcQAofXEBKFgBAAAAY3ECY3N5bXB5LmNvcmUubnVtYmVycwpJbnRlZ2VyCnEDSwKFcQRScQV9cQZiWAIAAABwbnEHY3N5bXB5LmNvcmUubnVtYmVycwpPbmUKcQgpUnEJfXEKYnV9cQsoaAJoBWgHY3N5bXB5LmNvcmUubnVtYmVycwpOZWdhdGl2ZU9uZQpxDClScQ19cQ5idX1xDyhoAmgDSwOFcRBScRF9cRJiaAdoCXV9cRMoaAJoEWgHaA11fXEUKGgCaANLBIVxFVJxFn1xF2JoB2gJdX1xGChoAmgWaAdoDXV9cRkoaAJoA0sFhXEaUnEbfXEcYmgHaAl1fXEdKGgCaBtoB2gNdX1xHihoAmgDSwaFcR9ScSB9cSFiaAdoCXV9cSIoaAJoIGgHaA11fXEjKGgCaANLB4VxJFJxJX1xJmJoB2gJdX1xJyhoAmglaAdoDXVlLg==", "question": 3}, "pk": 3}, {"model": "questions.validation", "fields": {"last_verified": "2014-05-21T20:00:01.278Z", "num_poss": 60, "validated_by": 1, "vardicts": "gAJdcQAofXEBKFgBAAAAY3ECY3N5bXB5LmNvcmUubnVtYmVycwpJbnRlZ2VyCnEDSwOFcQRScQV9cQZiWAEAAABicQdoA0sChXEIUnEJfXEKYlgBAAAAYXELY3N5bXB5LmNvcmUubnVtYmVycwpPbmUKcQwpUnENfXEOYnV9cQ8oaAJoA0sEhXEQUnERfXESYmgHaAloC2gNdX1xEyhoAmgDSwWFcRRScRV9cRZiaAdoCWgLaA11fXEXKGgCaAloB2gFaAtoDXV9cRgoaAJoEWgHaAVoC2gNdX1xGShoAmgVaAdoBWgLaA11fXEaKGgCaAloB2gRaAtoDXV9cRsoaAJoBWgHaBFoC2gNdX1xHChoAmgVaAdoEWgLaA11fXEdKGgCaAloB2gVaAtoDXV9cR4oaAJoBWgHaBVoC2gNdX1xHyhoAmgRaAdoFWgLaA11fXEgKGgCaAVoB2gNaAtoCXV9cSEoaAJoEWgHaA1oC2gJdX1xIihoAmgVaAdoDWgLaAl1fXEjKGgCaA1oB2gFaAtoCXV9cSQoaAJoEWgHaAVoC2gJdX1xJShoAmgVaAdoBWgLaAl1fXEmKGgCaA1oB2gRaAtoCXV9cScoaAJoBWgHaBFoC2gJdX1xKChoAmgVaAdoEWgLaAl1fXEpKGgCaA1oB2gVaAtoCXV9cSooaAJoBWgHaBVoC2gJdX1xKyhoAmgRaAdoFWgLaAl1fXEsKGgCaAloB2gNaAtoBXV9cS0oaAJoEWgHaA1oC2gFdX1xLihoAmgVaAdoDWgLaAV1fXEvKGgCaA1oB2gJaAtoBXV9cTAoaAJoEWgHaAloC2gFdX1xMShoAmgVaAdoCWgLaAV1fXEyKGgCaA1oB2gRaAtoBXV9cTMoaAJoCWgHaBFoC2gFdX1xNChoAmgVaAdoEWgLaAV1fXE1KGgCaA1oB2gVaAtoBXV9cTYoaAJoCWgHaBVoC2gFdX1xNyhoAmgRaAdoFWgLaAV1fXE4KGgCaAloB2gNaAtoEXV9cTkoaAJoBWgHaA1oC2gRdX1xOihoAmgVaAdoDWgLaBF1fXE7KGgCaA1oB2gJaAtoEXV9cTwoaAJoBWgHaAloC2gRdX1xPShoAmgVaAdoCWgLaBF1fXE+KGgCaA1oB2gFaAtoEXV9cT8oaAJoCWgHaAVoC2gRdX1xQChoAmgVaAdoBWgLaBF1fXFBKGgCaA1oB2gVaAtoEXV9cUIoaAJoCWgHaBVoC2gRdX1xQyhoAmgFaAdoFWgLaBF1fXFEKGgCaAloB2gNaAtoFXV9cUUoaAJoBWgHaA1oC2gVdX1xRihoAmgRaAdoDWgLaBV1fXFHKGgCaA1oB2gJaAtoFXV9cUgoaAJoBWgHaAloC2gVdX1xSShoAmgRaAdoCWgLaBV1fXFKKGgCaA1oB2gFaAtoFXV9cUsoaAJoCWgHaAVoC2gVdX1xTChoAmgRaAdoBWgLaBV1fXFNKGgCaA1oB2gRaAtoFXV9cU4oaAJoCWgHaBFoC2gVdX1xTyhoAmgFaAdoEWgLaBV1ZS4=", "question": 5}, "pk": 4}, {"model": "questions.validation", "fields": {"last_verified": "2014-05-21T19:59:37.690Z", "num_poss": 31, "validated_by": 1, "vardicts": "gAJdcQAofXEBKFgBAAAAY3ECY3N5bXB5LmNvcmUubnVtYmVycwpJbnRlZ2VyCnEDSwKFcQRScQV9cQZiWAEAAABhcQdjc3ltcHkuY29yZS5udW1iZXJzCk9uZQpxCClScQl9cQpidX1xCyhoAmgDSwOFcQxScQ19cQ5iaAdoCXV9cQ8oaAJoA0sEhXEQUnERfXESYmgHaAl1fXETKGgCaANLBYVxFFJxFX1xFmJoB2gJdX1xFyhoAmgDSwaFcRhScRl9cRpiaAdoCXV9cRsoaAJoA0sHhXEcUnEdfXEeYmgHaAl1fXEfKGgCaA1oB2gFdX1xIChoAmgRaAdoBXV9cSEoaAJoFWgHaAV1fXEiKGgCaBloB2gFdX1xIyhoAmgdaAdoBXV9cSQoaAJoBWgHaA11fXElKGgCaBFoB2gNdX1xJihoAmgVaAdoDXV9cScoaAJoGWgHaA11fXEoKGgCaB1oB2gNdX1xKShoAmgFaAdoEXV9cSooaAJoDWgHaBF1fXErKGgCaBVoB2gRdX1xLChoAmgZaAdoEXV9cS0oaAJoHWgHaBF1fXEuKGgCaAVoB2gVdX1xLyhoAmgNaAdoFXV9cTAoaAJoEWgHaBV1fXExKGgCaBloB2gVdX1xMihoAmgdaAdoFXV9cTMoaAJoBWgHaBl1fXE0KGgCaA1oB2gZdX1xNShoAmgRaAdoGXV9cTYoaAJoFWgHaBl1fXE3KGgCaB1oB2gZdWUu", "question": 4}, "pk": 5}, {"model": "questions.validation", "fields": {"last_verified": "2014-06-13T16:27:31.074Z", "num_poss": 350, "validated_by": 1, "vardicts": "gAJdcQAofXEBKFgBAAAAY3ECY3N5bXB5LmNvcmUubnVtYmVycwpPbmUKcQMpUnEEfXEFYlgBAAAAYnEGY3N5bXB5LmNvcmUubnVtYmVycwpJbnRlZ2VyCnEHSvj///+FcQhScQl9cQpiWAEAAABhcQtoB0sChXEMUnENfXEOYnV9cQ8oaAJoB0sDhXEQUnERfXESYmgGaAloC2gNdX1xEyhoAmgHSwSFcRRScRV9cRZiaAZoCWgLaA11fXEXKGgCaAdLBYVxGFJxGX1xGmJoBmgJaAtoDXV9cRsoaAJoB0sGhXEcUnEdfXEeYmgGaAloC2gNdX1xHyhoAmgHSweFcSBScSF9cSJiaAZoCWgLaA11fXEjKGgCaARoBmgHSvn///+FcSRScSV9cSZiaAtoDXV9cScoaAJoEWgGaCVoC2gNdX1xKChoAmgVaAZoJWgLaA11fXEpKGgCaBloBmglaAtoDXV9cSooaAJoHWgGaCVoC2gNdX1xKyhoAmgHSwiFcSxScS19cS5iaAZoJWgLaA11fXEvKGgCaARoBmgHSvr///+FcTBScTF9cTJiaAtoDXV9cTMoaAJoEWgGaDFoC2gNdX1xNChoAmgVaAZoMWgLaA11fXE1KGgCaBloBmgxaAtoDXV9cTYoaAJoIWgGaDFoC2gNdX1xNyhoAmgtaAZoMWgLaA11fXE4KGgCaARoBmgHSvv///+FcTlScTp9cTtiaAtoDXV9cTwoaAJoEWgGaDpoC2gNdX1xPShoAmgVaAZoOmgLaA11fXE+KGgCaB1oBmg6aAtoDXV9cT8oaAJoIWgGaDpoC2gNdX1xQChoAmgtaAZoOmgLaA11fXFBKGgCaARoBmgHSvz///+FcUJScUN9cURiaAtoDXV9cUUoaAJoEWgGaENoC2gNdX1xRihoAmgZaAZoQ2gLaA11fXFHKGgCaB1oBmhDaAtoDXV9cUgoaAJoIWgGaENoC2gNdX1xSShoAmgtaAZoQ2gLaA11fXFKKGgCaARoBmgHSv3///+FcUtScUx9cU1iaAtoDXV9cU4oaAJoFWgGaExoC2gNdX1xTyhoAmgZaAZoTGgLaA11fXFQKGgCaB1oBmhMaAtoDXV9cVEoaAJoIWgGaExoC2gNdX1xUihoAmgtaAZoTGgLaA11fXFTKGgCaBFoBmNzeW1weS5jb3JlLm51bWJlcnMKTmVnYXRpdmVPbmUKcVQpUnFVfXFWYmgLaA11fXFXKGgCaBVoBmhVaAtoDXV9cVgoaAJoGWgGaFVoC2gNdX1xWShoAmgdaAZoVWgLaA11fXFaKGgCaCFoBmhVaAtoDXV9cVsoaAJoLWgGaFVoC2gNdX1xXChoAmgEaAZoCWgLaBF1fXFdKGgCaA1oBmgJaAtoEXV9cV4oaAJoFWgGaAloC2gRdX1xXyhoAmgZaAZoCWgLaBF1fXFgKGgCaB1oBmgJaAtoEXV9cWEoaAJoIWgGaAloC2gRdX1xYihoAmgEaAZoJWgLaBF1fXFjKGgCaA1oBmglaAtoEXV9cWQoaAJoFWgGaCVoC2gRdX1xZShoAmgZaAZoJWgLaBF1fXFmKGgCaB1oBmglaAtoEXV9cWcoaAJoLWgGaCVoC2gRdX1xaChoAmgEaAZoMWgLaBF1fXFpKGgCaA1oBmgxaAtoEXV9cWooaAJoFWgGaDFoC2gRdX1xayhoAmgZaAZoMWgLaBF1fXFsKGgCaCFoBmgxaAtoEXV9cW0oaAJoLWgGaDFoC2gRdX1xbihoAmgEaAZoOmgLaBF1fXFvKGgCaA1oBmg6aAtoEXV9cXAoaAJoFWgGaDpoC2gRdX1xcShoAmgdaAZoOmgLaBF1fXFyKGgCaCFoBmg6aAtoEXV9cXMoaAJoLWgGaDpoC2gRdX1xdChoAmgEaAZoQ2gLaBF1fXF1KGgCaA1oBmhDaAtoEXV9cXYoaAJoGWgGaENoC2gRdX1xdyhoAmgdaAZoQ2gLaBF1fXF4KGgCaCFoBmhDaAtoEXV9cXkoaAJoLWgGaENoC2gRdX1xeihoAmgEaAZoB0r+////hXF7UnF8fXF9YmgLaBF1fXF+KGgCaBVoBmh8aAtoEXV9cX8oaAJoGWgGaHxoC2gRdX1xgChoAmgdaAZofGgLaBF1fXGBKGgCaCFoBmh8aAtoEXV9cYIoaAJoLWgGaHxoC2gRdX1xgyhoAmgNaAZoVWgLaBF1fXGEKGgCaBVoBmhVaAtoEXV9cYUoaAJoGWgGaFVoC2gRdX1xhihoAmgdaAZoVWgLaBF1fXGHKGgCaCFoBmhVaAtoEXV9cYgoaAJoLWgGaFVoC2gRdX1xiShoAmgEaAZoCWgLaBV1fXGKKGgCaA1oBmgJaAtoFXV9cYsoaAJoEWgGaAloC2gVdX1xjChoAmgZaAZoCWgLaBV1fXGNKGgCaB1oBmgJaAtoFXV9cY4oaAJoIWgGaAloC2gVdX1xjyhoAmgEaAZoJWgLaBV1fXGQKGgCaA1oBmglaAtoFXV9cZEoaAJoEWgGaCVoC2gVdX1xkihoAmgZaAZoJWgLaBV1fXGTKGgCaB1oBmglaAtoFXV9cZQoaAJoLWgGaCVoC2gVdX1xlShoAmgEaAZoMWgLaBV1fXGWKGgCaA1oBmgxaAtoFXV9cZcoaAJoEWgGaDFoC2gVdX1xmChoAmgZaAZoMWgLaBV1fXGZKGgCaCFoBmgxaAtoFXV9cZooaAJoLWgGaDFoC2gVdX1xmyhoAmgEaAZoOmgLaBV1fXGcKGgCaA1oBmg6aAtoFXV9cZ0oaAJoEWgGaDpoC2gVdX1xnihoAmgdaAZoOmgLaBV1fXGfKGgCaCFoBmg6aAtoFXV9caAoaAJoLWgGaDpoC2gVdX1xoShoAmgEaAZoTGgLaBV1fXGiKGgCaA1oBmhMaAtoFXV9caMoaAJoGWgGaExoC2gVdX1xpChoAmgdaAZoTGgLaBV1fXGlKGgCaCFoBmhMaAtoFXV9caYoaAJoLWgGaExoC2gVdX1xpyhoAmgEaAZofGgLaBV1fXGoKGgCaBFoBmh8aAtoFXV9cakoaAJoGWgGaHxoC2gVdX1xqihoAmgdaAZofGgLaBV1fXGrKGgCaCFoBmh8aAtoFXV9cawoaAJoLWgGaHxoC2gVdX1xrShoAmgNaAZoVWgLaBV1fXGuKGgCaBFoBmhVaAtoFXV9ca8oaAJoGWgGaFVoC2gVdX1xsChoAmgdaAZoVWgLaBV1fXGxKGgCaCFoBmhVaAtoFXV9cbIoaAJoLWgGaFVoC2gVdX1xsyhoAmgEaAZoCWgLaBl1fXG0KGgCaA1oBmgJaAtoGXV9cbUoaAJoEWgGaAloC2gZdX1xtihoAmgVaAZoCWgLaBl1fXG3KGgCaB1oBmgJaAtoGXV9cbgoaAJoIWgGaAloC2gZdX1xuShoAmgEaAZoJWgLaBl1fXG6KGgCaA1oBmglaAtoGXV9cbsoaAJoEWgGaCVoC2gZdX1xvChoAmgVaAZoJWgLaBl1fXG9KGgCaB1oBmglaAtoGXV9cb4oaAJoLWgGaCVoC2gZdX1xvyhoAmgEaAZoMWgLaBl1fXHAKGgCaA1oBmgxaAtoGXV9ccEoaAJoEWgGaDFoC2gZdX1xwihoAmgVaAZoMWgLaBl1fXHDKGgCaCFoBmgxaAtoGXV9ccQoaAJoLWgGaDFoC2gZdX1xxShoAmgEaAZoQ2gLaBl1fXHGKGgCaA1oBmhDaAtoGXV9cccoaAJoEWgGaENoC2gZdX1xyChoAmgdaAZoQ2gLaBl1fXHJKGgCaCFoBmhDaAtoGXV9ccooaAJoLWgGaENoC2gZdX1xyyhoAmgEaAZoTGgLaBl1fXHMKGgCaA1oBmhMaAtoGXV9cc0oaAJoFWgGaExoC2gZdX1xzihoAmgdaAZoTGgLaBl1fXHPKGgCaCFoBmhMaAtoGXV9cdAoaAJoLWgGaExoC2gZdX1x0ShoAmgEaAZofGgLaBl1fXHSKGgCaBFoBmh8aAtoGXV9cdMoaAJoFWgGaHxoC2gZdX1x1ChoAmgdaAZofGgLaBl1fXHVKGgCaCFoBmh8aAtoGXV9cdYoaAJoLWgGaHxoC2gZdX1x1yhoAmgNaAZoVWgLaBl1fXHYKGgCaBFoBmhVaAtoGXV9cdkoaAJoFWgGaFVoC2gZdX1x2ihoAmgdaAZoVWgLaBl1fXHbKGgCaCFoBmhVaAtoGXV9cdwoaAJoLWgGaFVoC2gZdX1x3ShoAmgEaAZoCWgLaB11fXHeKGgCaA1oBmgJaAtoHXV9cd8oaAJoEWgGaAloC2gddX1x4ChoAmgVaAZoCWgLaB11fXHhKGgCaBloBmgJaAtoHXV9ceIoaAJoIWgGaAloC2gddX1x4yhoAmgEaAZoJWgLaB11fXHkKGgCaA1oBmglaAtoHXV9ceUoaAJoEWgGaCVoC2gddX1x5ihoAmgVaAZoJWgLaB11fXHnKGgCaBloBmglaAtoHXV9cegoaAJoLWgGaCVoC2gddX1x6ShoAmgEaAZoOmgLaB11fXHqKGgCaA1oBmg6aAtoHXV9cesoaAJoEWgGaDpoC2gddX1x7ChoAmgVaAZoOmgLaB11fXHtKGgCaCFoBmg6aAtoHXV9ce4oaAJoLWgGaDpoC2gddX1x7yhoAmgEaAZoQ2gLaB11fXHwKGgCaA1oBmhDaAtoHXV9cfEoaAJoEWgGaENoC2gddX1x8ihoAmgZaAZoQ2gLaB11fXHzKGgCaCFoBmhDaAtoHXV9cfQoaAJoLWgGaENoC2gddX1x9ShoAmgEaAZoTGgLaB11fXH2KGgCaA1oBmhMaAtoHXV9cfcoaAJoFWgGaExoC2gddX1x+ChoAmgZaAZoTGgLaB11fXH5KGgCaCFoBmhMaAtoHXV9cfooaAJoLWgGaExoC2gddX1x+yhoAmgEaAZofGgLaB11fXH8KGgCaBFoBmh8aAtoHXV9cf0oaAJoFWgGaHxoC2gddX1x/ihoAmgZaAZofGgLaB11fXH/KGgCaCFoBmh8aAtoHXV9cgABAAAoaAJoLWgGaHxoC2gddX1yAQEAAChoAmgNaAZoVWgLaB11fXICAQAAKGgCaBFoBmhVaAtoHXV9cgMBAAAoaAJoFWgGaFVoC2gddX1yBAEAAChoAmgZaAZoVWgLaB11fXIFAQAAKGgCaCFoBmhVaAtoHXV9cgYBAAAoaAJoLWgGaFVoC2gddX1yBwEAAChoAmgEaAZoCWgLaCF1fXIIAQAAKGgCaA1oBmgJaAtoIXV9cgkBAAAoaAJoEWgGaAloC2ghdX1yCgEAAChoAmgVaAZoCWgLaCF1fXILAQAAKGgCaBloBmgJaAtoIXV9cgwBAAAoaAJoHWgGaAloC2ghdX1yDQEAAChoAmgEaAZoMWgLaCF1fXIOAQAAKGgCaA1oBmgxaAtoIXV9cg8BAAAoaAJoEWgGaDFoC2ghdX1yEAEAAChoAmgVaAZoMWgLaCF1fXIRAQAAKGgCaBloBmgxaAtoIXV9chIBAAAoaAJoLWgGaDFoC2ghdX1yEwEAAChoAmgEaAZoOmgLaCF1fXIUAQAAKGgCaA1oBmg6aAtoIXV9chUBAAAoaAJoEWgGaDpoC2ghdX1yFgEAAChoAmgVaAZoOmgLaCF1fXIXAQAAKGgCaB1oBmg6aAtoIXV9chgBAAAoaAJoLWgGaDpoC2ghdX1yGQEAAChoAmgEaAZoQ2gLaCF1fXIaAQAAKGgCaA1oBmhDaAtoIXV9chsBAAAoaAJoEWgGaENoC2ghdX1yHAEAAChoAmgZaAZoQ2gLaCF1fXIdAQAAKGgCaB1oBmhDaAtoIXV9ch4BAAAoaAJoLWgGaENoC2ghdX1yHwEAAChoAmgEaAZoTGgLaCF1fXIgAQAAKGgCaA1oBmhMaAtoIXV9ciEBAAAoaAJoFWgGaExoC2ghdX1yIgEAAChoAmgZaAZoTGgLaCF1fXIjAQAAKGgCaB1oBmhMaAtoIXV9ciQBAAAoaAJoLWgGaExoC2ghdX1yJQEAAChoAmgEaAZofGgLaCF1fXImAQAAKGgCaBFoBmh8aAtoIXV9cicBAAAoaAJoFWgGaHxoC2ghdX1yKAEAAChoAmgZaAZofGgLaCF1fXIpAQAAKGgCaB1oBmh8aAtoIXV9cioBAAAoaAJoLWgGaHxoC2ghdX1yKwEAAChoAmgNaAZoVWgLaCF1fXIsAQAAKGgCaBFoBmhVaAtoIXV9ci0BAAAoaAJoFWgGaFVoC2ghdX1yLgEAAChoAmgZaAZoVWgLaCF1fXIvAQAAKGgCaB1oBmhVaAtoIXV9cjABAAAoaAJoLWgGaFVoC2ghdX1yMQEAAChoAmgEaAZoJWgLaC11fXIyAQAAKGgCaA1oBmglaAtoLXV9cjMBAAAoaAJoEWgGaCVoC2gtdX1yNAEAAChoAmgVaAZoJWgLaC11fXI1AQAAKGgCaBloBmglaAtoLXV9cjYBAAAoaAJoHWgGaCVoC2gtdX1yNwEAAChoAmgEaAZoMWgLaC11fXI4AQAAKGgCaA1oBmgxaAtoLXV9cjkBAAAoaAJoEWgGaDFoC2gtdX1yOgEAAChoAmgVaAZoMWgLaC11fXI7AQAAKGgCaBloBmgxaAtoLXV9cjwBAAAoaAJoIWgGaDFoC2gtdX1yPQEAAChoAmgEaAZoOmgLaC11fXI+AQAAKGgCaA1oBmg6aAtoLXV9cj8BAAAoaAJoEWgGaDpoC2gtdX1yQAEAAChoAmgVaAZoOmgLaC11fXJBAQAAKGgCaB1oBmg6aAtoLXV9ckIBAAAoaAJoIWgGaDpoC2gtdX1yQwEAAChoAmgEaAZoQ2gLaC11fXJEAQAAKGgCaA1oBmhDaAtoLXV9ckUBAAAoaAJoEWgGaENoC2gtdX1yRgEAAChoAmgZaAZoQ2gLaC11fXJHAQAAKGgCaB1oBmhDaAtoLXV9ckgBAAAoaAJoIWgGaENoC2gtdX1ySQEAAChoAmgEaAZoTGgLaC11fXJKAQAAKGgCaA1oBmhMaAtoLXV9cksBAAAoaAJoFWgGaExoC2gtdX1yTAEAAChoAmgZaAZoTGgLaC11fXJNAQAAKGgCaB1oBmhMaAtoLXV9ck4BAAAoaAJoIWgGaExoC2gtdX1yTwEAAChoAmgEaAZofGgLaC11fXJQAQAAKGgCaBFoBmh8aAtoLXV9clEBAAAoaAJoFWgGaHxoC2gtdX1yUgEAAChoAmgZaAZofGgLaC11fXJTAQAAKGgCaB1oBmh8aAtoLXV9clQBAAAoaAJoIWgGaHxoC2gtdX1yVQEAAChoAmgNaAZoVWgLaC11fXJWAQAAKGgCaBFoBmhVaAtoLXV9clcBAAAoaAJoFWgGaFVoC2gtdX1yWAEAAChoAmgZaAZoVWgLaC11fXJZAQAAKGgCaB1oBmhVaAtoLXV9cloBAAAoaAJoIWgGaFVoC2gtdX1yWwEAAChoAmgEaAZoCWgLaAdLCYVyXAEAAFJyXQEAAH1yXgEAAGJ1fXJfAQAAKGgCaA1oBmgJaAtqXQEAAHV9cmABAAAoaAJoEWgGaAloC2pdAQAAdX1yYQEAAChoAmgVaAZoCWgLal0BAAB1fXJiAQAAKGgCaBloBmgJaAtqXQEAAHV9cmMBAAAoaAJoHWgGaAloC2pdAQAAdX1yZAEAAChoAmghaAZoCWgLal0BAAB1fXJlAQAAKGgCaARoBmglaAtqXQEAAHV9cmYBAAAoaAJoDWgGaCVoC2pdAQAAdX1yZwEAAChoAmgRaAZoJWgLal0BAAB1fXJoAQAAKGgCaBVoBmglaAtqXQEAAHV9cmkBAAAoaAJoGWgGaCVoC2pdAQAAdX1yagEAAChoAmgdaAZoJWgLal0BAAB1fXJrAQAAKGgCaC1oBmglaAtqXQEAAHV9cmwBAAAoaAJoBGgGaDFoC2pdAQAAdX1ybQEAAChoAmgNaAZoMWgLal0BAAB1fXJuAQAAKGgCaBFoBmgxaAtqXQEAAHV9cm8BAAAoaAJoFWgGaDFoC2pdAQAAdX1ycAEAAChoAmgZaAZoMWgLal0BAAB1fXJxAQAAKGgCaCFoBmgxaAtqXQEAAHV9cnIBAAAoaAJoLWgGaDFoC2pdAQAAdX1ycwEAAChoAmgEaAZoOmgLal0BAAB1fXJ0AQAAKGgCaA1oBmg6aAtqXQEAAHV9cnUBAAAoaAJoEWgGaDpoC2pdAQAAdX1ydgEAAChoAmgVaAZoOmgLal0BAAB1fXJ3AQAAKGgCaB1oBmg6aAtqXQEAAHV9cngBAAAoaAJoIWgGaDpoC2pdAQAAdX1yeQEAAChoAmgtaAZoOmgLal0BAAB1fXJ6AQAAKGgCaARoBmhDaAtqXQEAAHV9cnsBAAAoaAJoDWgGaENoC2pdAQAAdX1yfAEAAChoAmgRaAZoQ2gLal0BAAB1fXJ9AQAAKGgCaBloBmhDaAtqXQEAAHV9cn4BAAAoaAJoHWgGaENoC2pdAQAAdX1yfwEAAChoAmghaAZoQ2gLal0BAAB1fXKAAQAAKGgCaC1oBmhDaAtqXQEAAHV9coEBAAAoaAJoBGgGaExoC2pdAQAAdX1yggEAAChoAmgNaAZoTGgLal0BAAB1fXKDAQAAKGgCaBVoBmhMaAtqXQEAAHV9coQBAAAoaAJoGWgGaExoC2pdAQAAdX1yhQEAAChoAmgdaAZoTGgLal0BAAB1fXKGAQAAKGgCaCFoBmhMaAtqXQEAAHV9cocBAAAoaAJoLWgGaExoC2pdAQAAdX1yiAEAAChoAmgEaAZofGgLal0BAAB1fXKJAQAAKGgCaBFoBmh8aAtqXQEAAHV9cooBAAAoaAJoFWgGaHxoC2pdAQAAdX1yiwEAAChoAmgZaAZofGgLal0BAAB1fXKMAQAAKGgCaB1oBmh8aAtqXQEAAHV9co0BAAAoaAJoIWgGaHxoC2pdAQAAdX1yjgEAAChoAmgtaAZofGgLal0BAAB1fXKPAQAAKGgCaA1oBmhVaAtqXQEAAHV9cpABAAAoaAJoEWgGaFVoC2pdAQAAdX1ykQEAAChoAmgVaAZoVWgLal0BAAB1fXKSAQAAKGgCaBloBmhVaAtqXQEAAHV9cpMBAAAoaAJoHWgGaFVoC2pdAQAAdX1ylAEAAChoAmghaAZoVWgLal0BAAB1fXKVAQAAKGgCaC1oBmhVaAtqXQEAAHVlLg==", "question": 6}, "pk": 6}, {"model": "organization.course", "fields": {"course_type": 1, "instructor": 1, "is_active": true, "semester": "", "name": "Fake Course #1", "start_date": "2013-02-10", "end_date": "2013-04-10", "assistants": [], "description": "Just a fake course"}, "pk": 1}, {"model": "exams.examrecipe", "fields": {"created_by": 1, "private_title": "A really hard test", "max_number_choices": 5, "display_title": "Exam 1", "form_number_style": "number", "number_of_forms": 3, "course": 1, "frozen": true}, "pk": 1}, {"model": "exams.generatedset", "fields": {"created_by": 1, "date_created": "2014-06-10T19:58:57.927Z", "course": 1, "comment": "Created from previous version of Rescue those moosians.", "recipe": null}, "pk": 1}, {"model": "exams.generatedset", "fields": {"created_by": 1, "date_created": "2014-08-17T03:46:18.809Z", "course": 1, "comment": null, "recipe": 1}, "pk": 2}, {"model": "exams.formattingpreferences", "fields": {"first_page_footer_right": "", "header_center": "slkdnfk", "footer_center": "", "first_page_header_center": null, "header_right": "", "footer_right": "", "header_left": "klsdj", "footer_left": "", "first_page_header_left": "", "first_page_footer_different": false, "first_page_header_different": false, "first_page_footer_center": "", "first_page_header_right": "", "first_page_footer_left": "", "user": 1, "font": "mathpazo", "font_size": "12"}, "pk": 1}, {"model": "admin.logentry", "fields": {"change_message": "", "object_id": "1", "action_flag": 1, "action_time": "2014-03-25T01:01:43.831Z", "content_type": 8, "user": 1, "object_repr": "Factoring trinomial 151"}, "pk": 1}, {"model": "admin.logentry", "fields": {"change_message": "", "object_id": "2", "action_flag": 1, "action_time": "2014-04-04T22:57:29.341Z", "content_type": 8, "user": 1, "object_repr": "Factor Perfect Square"}, "pk": 3}, {"model": "admin.logentry", "fields": {"change_message": "", "object_id": "2", "action_flag": 1, "action_time": "2014-04-16T01:15:26.854Z", "content_type": 4, "user": 1, "object_repr": "fakey"}, "pk": 4}, {"model": "admin.logentry", "fields": {"change_message": "", "object_id": "1", "action_flag": 1, "action_time": "2014-04-16T01:18:01.920Z", "content_type": 3, "user": 1, "object_repr": "Question Authors"}, "pk": 5}, {"model": "admin.logentry", "fields": {"change_message": "No fields changed.", "object_id": "2", "action_flag": 2, "action_time": "2014-04-16T01:45:16.237Z", "content_type": 4, "user": 1, "object_repr": "fakey"}, "pk": 6}, {"model": "admin.logentry", "fields": {"change_message": "", "object_id": "1", "action_flag": 1, "action_time": "2014-04-26T19:10:00.926Z", "content_type": 22, "user": 1, "object_repr": "First Try"}, "pk": 7}, {"model": "admin.logentry", "fields": {"change_message": "", "object_id": "6", "action_flag": 3, "action_time": "2014-05-01T01:33:57.054Z", "content_type": 24, "user": 1, "object_repr": "Let's Do This!"}, "pk": 8}, {"model": "admin.logentry", "fields": {"change_message": "", "object_id": "5", "action_flag": 3, "action_time": "2014-05-01T01:33:57.112Z", "content_type": 24, "user": 1, "object_repr": "Let's Do This!"}, "pk": 9}, {"model": "admin.logentry", "fields": {"change_message": "", "object_id": "4", "action_flag": 3, "action_time": "2014-05-01T01:33:57.115Z", "content_type": 24, "user": 1, "object_repr": "Let's Do This!"}, "pk": 10}, {"model": "admin.logentry", "fields": {"change_message": "", "object_id": "3", "action_flag": 3, "action_time": "2014-05-01T01:33:57.118Z", "content_type": 24, "user": 1, "object_repr": "Let's Do This!"}, "pk": 11}, {"model": "admin.logentry", "fields": {"change_message": "", "object_id": "2", "action_flag": 3, "action_time": "2014-05-01T01:33:57.120Z", "content_type": 24, "user": 1, "object_repr": "Let's Do This!"}, "pk": 12}, {"model": "admin.logentry", "fields": {"change_message": "", "object_id": "1", "action_flag": 3, "action_time": "2014-05-01T01:33:57.123Z", "content_type": 24, "user": 1, "object_repr": "nothing"}, "pk": 13}, {"model": "admin.logentry", "fields": {"change_message": "", "object_id": "7", "action_flag": 3, "action_time": "2014-05-01T01:34:12.128Z", "content_type": 24, "user": 1, "object_repr": "First Try"}, "pk": 14}, {"model": "admin.logentry", "fields": {"change_message": "", "object_id": "1", "action_flag": 1, "action_time": "2014-05-04T01:08:19.926Z", "content_type": 29, "user": 1, "object_repr": "blah soo blah"}, "pk": 15}, {"model": "admin.logentry", "fields": {"change_message": "", "object_id": "2", "action_flag": 1, "action_time": "2014-05-04T01:09:31.201Z", "content_type": 29, "user": 1, "object_repr": "Trigonometric Functions"}, "pk": 16}, {"model": "admin.logentry", "fields": {"change_message": "", "object_id": "3", "action_flag": 3, "action_time": "2014-05-05T21:20:51.544Z", "content_type": 29, "user": 1, "object_repr": "Limits and Continuity"}, "pk": 17}, {"model": "admin.logentry", "fields": {"change_message": "", "object_id": "4", "action_flag": 3, "action_time": "2014-05-05T21:21:57.287Z", "content_type": 29, "user": 1, "object_repr": "Derivatives"}, "pk": 18}, {"model": "admin.logentry", "fields": {"change_message": "", "object_id": "2", "action_flag": 3, "action_time": "2014-05-05T21:21:57.290Z", "content_type": 29, "user": 1, "object_repr": "Trigonometric Functions"}, "pk": 19}, {"model": "admin.logentry", "fields": {"change_message": "", "object_id": "1", "action_flag": 3, "action_time": "2014-05-05T21:21:57.292Z", "content_type": 29, "user": 1, "object_repr": "blah soo blah"}, "pk": 20}, {"model": "admin.logentry", "fields": {"change_message": "", "object_id": "19", "action_flag": 3, "action_time": "2014-05-20T18:35:56.988Z", "content_type": 8, "user": 1, "object_repr": "sd"}, "pk": 21}, {"model": "admin.logentry", "fields": {"change_message": "", "object_id": "18", "action_flag": 3, "action_time": "2014-05-20T18:35:57.114Z", "content_type": 8, "user": 1, "object_repr": "s"}, "pk": 22}, {"model": "admin.logentry", "fields": {"change_message": "", "object_id": "17", "action_flag": 3, "action_time": "2014-05-20T18:35:57.133Z", "content_type": 8, "user": 1, "object_repr": "sdjk"}, "pk": 23}, {"model": "admin.logentry", "fields": {"change_message": "", "object_id": "16", "action_flag": 3, "action_time": "2014-05-20T18:35:57.158Z", "content_type": 8, "user": 1, "object_repr": "please god work"}, "pk": 24}, {"model": "admin.logentry", "fields": {"change_message": "", "object_id": "15", "action_flag": 3, "action_time": "2014-05-20T18:35:57.176Z", "content_type": 8, "user": 1, "object_repr": "Testing objective creation 5"}, "pk": 25}, {"model": "admin.logentry", "fields": {"change_message": "", "object_id": "14", "action_flag": 3, "action_time": "2014-05-20T18:35:57.194Z", "content_type": 8, "user": 1, "object_repr": "Testing objective creation 4"}, "pk": 26}, {"model": "admin.logentry", "fields": {"change_message": "", "object_id": "13", "action_flag": 3, "action_time": "2014-05-20T18:35:57.211Z", "content_type": 8, "user": 1, "object_repr": "Testing objective creation 3"}, "pk": 27}, {"model": "admin.logentry", "fields": {"change_message": "", "object_id": "12", "action_flag": 3, "action_time": "2014-05-20T18:35:57.228Z", "content_type": 8, "user": 1, "object_repr": "Testing objective creation 2"}, "pk": 28}, {"model": "admin.logentry", "fields": {"change_message": "", "object_id": "11", "action_flag": 3, "action_time": "2014-05-20T18:35:57.272Z", "content_type": 8, "user": 1, "object_repr": "Testing objective creation"}, "pk": 29}, {"model": "admin.logentry", "fields": {"change_message": "", "object_id": "10", "action_flag": 3, "action_time": "2014-05-20T18:35:57.316Z", "content_type": 8, "user": 1, "object_repr": "test ordering"}, "pk": 30}, {"model": "admin.logentry", "fields": {"change_message": "", "object_id": "9", "action_flag": 3, "action_time": "2014-05-20T18:35:57.363Z", "content_type": 8, "user": 1, "object_repr": "formview"}, "pk": 31}, {"model": "admin.logentry", "fields": {"change_message": "", "object_id": "8", "action_flag": 3, "action_time": "2014-05-20T18:35:57.390Z", "content_type": 8, "user": 1, "object_repr": "cbv 3"}, "pk": 32}, {"model": "admin.logentry", "fields": {"change_message": "", "object_id": "6", "action_flag": 3, "action_time": "2014-05-20T18:35:57.414Z", "content_type": 8, "user": 1, "object_repr": "cbv"}, "pk": 33}, {"model": "admin.logentry", "fields": {"change_message": "", "object_id": "5", "action_flag": 3, "action_time": "2014-05-20T18:35:57.439Z", "content_type": 8, "user": 1, "object_repr": "test after js"}, "pk": 34}, {"model": "admin.logentry", "fields": {"change_message": "", "object_id": "4", "action_flag": 3, "action_time": "2014-05-20T18:35:57.479Z", "content_type": 8, "user": 1, "object_repr": "test4"}, "pk": 35}, {"model": "admin.logentry", "fields": {"change_message": "", "object_id": "3", "action_flag": 3, "action_time": "2014-05-20T18:35:57.501Z", "content_type": 8, "user": 1, "object_repr": "just create test"}, "pk": 36}, {"model": "admin.logentry", "fields": {"change_message": "", "object_id": "16", "action_flag": 3, "action_time": "2014-06-08T05:16:30.936Z", "content_type": 37, "user": 1, "object_repr": "Exam object"}, "pk": 37}, {"model": "admin.logentry", "fields": {"change_message": "", "object_id": "15", "action_flag": 3, "action_time": "2014-06-08T05:16:30.954Z", "content_type": 37, "user": 1, "object_repr": "Exam object"}, "pk": 38}, {"model": "admin.logentry", "fields": {"change_message": "", "object_id": "14", "action_flag": 3, "action_time": "2014-06-08T05:16:31.004Z", "content_type": 37, "user": 1, "object_repr": "Exam object"}, "pk": 39}, {"model": "admin.logentry", "fields": {"change_message": "", "object_id": "13", "action_flag": 3, "action_time": "2014-06-08T05:16:31.044Z", "content_type": 37, "user": 1, "object_repr": "Exam object"}, "pk": 40}, {"model": "admin.logentry", "fields": {"change_message": "", "object_id": "12", "action_flag": 3, "action_time": "2014-06-08T05:16:31.066Z", "content_type": 37, "user": 1, "object_repr": "Exam object"}, "pk": 41}, {"model": "admin.logentry", "fields": {"change_message": "", "object_id": "11", "action_flag": 3, "action_time": "2014-06-08T05:16:31.110Z", "content_type": 37, "user": 1, "object_repr": "Exam object"}, "pk": 42}, {"model": "admin.logentry", "fields": {"change_message": "", "object_id": "10", "action_flag": 3, "action_time": "2014-06-08T05:16:31.133Z", "content_type": 37, "user": 1, "object_repr": "Exam object"}, "pk": 43}, {"model": "admin.logentry", "fields": {"change_message": "", "object_id": "9", "action_flag": 3, "action_time": "2014-06-08T05:16:31.177Z", "content_type": 37, "user": 1, "object_repr": "Exam object"}, "pk": 44}, {"model": "admin.logentry", "fields": {"change_message": "", "object_id": "8", "action_flag": 3, "action_time": "2014-06-08T05:16:31.200Z", "content_type": 37, "user": 1, "object_repr": "Exam object"}, "pk": 45}, {"model": "admin.logentry", "fields": {"change_message": "", "object_id": "7", "action_flag": 3, "action_time": "2014-06-08T05:16:31.244Z", "content_type": 37, "user": 1, "object_repr": "Exam object"}, "pk": 46}, {"model": "admin.logentry", "fields": {"change_message": "", "object_id": "6", "action_flag": 3, "action_time": "2014-06-08T05:16:31.266Z", "content_type": 37, "user": 1, "object_repr": "Exam object"}, "pk": 47}, {"model": "admin.logentry", "fields": {"change_message": "", "object_id": "5", "action_flag": 3, "action_time": "2014-06-08T05:16:31.309Z", "content_type": 37, "user": 1, "object_repr": "Exam object"}, "pk": 48}, {"model": "admin.logentry", "fields": {"change_message": "", "object_id": "4", "action_flag": 3, "action_time": "2014-06-08T05:16:31.339Z", "content_type": 37, "user": 1, "object_repr": "Exam object"}, "pk": 49}, {"model": "admin.logentry", "fields": {"change_message": "", "object_id": "3", "action_flag": 3, "action_time": "2014-06-08T05:16:31.377Z", "content_type": 37, "user": 1, "object_repr": "Exam object"}, "pk": 50}, {"model": "admin.logentry", "fields": {"change_message": "", "object_id": "2", "action_flag": 3, "action_time": "2014-06-08T05:16:31.400Z", "content_type": 37, "user": 1, "object_repr": "Exam object"}, "pk": 51}, {"model": "admin.logentry", "fields": {"change_message": "", "object_id": "1", "action_flag": 3, "action_time": "2014-06-08T05:16:31.443Z", "content_type": 37, "user": 1, "object_repr": "Exam object"}, "pk": 52}, {"model": "admin.logentry", "fields": {"change_message": "", "object_id": "5", "action_flag": 3, "action_time": "2014-06-08T16:43:41.527Z", "content_type": 42, "user": 1, "object_repr": "GeneratedSet object"}, "pk": 53}, {"model": "admin.logentry", "fields": {"change_message": "", "object_id": "4", "action_flag": 3, "action_time": "2014-06-08T16:43:41.546Z", "content_type": 42, "user": 1, "object_repr": "GeneratedSet object"}, "pk": 54}, {"model": "admin.logentry", "fields": {"change_message": "", "object_id": "3", "action_flag": 3, "action_time": "2014-06-08T16:43:41.626Z", "content_type": 42, "user": 1, "object_repr": "GeneratedSet object"}, "pk": 55}, {"model": "admin.logentry", "fields": {"change_message": "", "object_id": "2", "action_flag": 3, "action_time": "2014-06-08T16:43:41.652Z", "content_type": 42, "user": 1, "object_repr": "GeneratedSet object"}, "pk": 56}, {"model": "admin.logentry", "fields": {"change_message": "", "object_id": "1", "action_flag": 3, "action_time": "2014-06-08T16:43:41.672Z", "content_type": 42, "user": 1, "object_repr": "GeneratedSet object"}, "pk": 57}, {"model": "admin.logentry", "fields": {"change_message": "", "object_id": "3", "action_flag": 3, "action_time": "2014-06-08T22:50:41.988Z", "content_type": 42, "user": 1, "object_repr": "Jun 8, 2014 at  4:56PM"}, "pk": 58}, {"model": "admin.logentry", "fields": {"change_message": "", "object_id": "2", "action_flag": 3, "action_time": "2014-06-08T22:50:42.006Z", "content_type": 42, "user": 1, "object_repr": "Jun 8, 2014 at  4:56PM"}, "pk": 59}, {"model": "admin.logentry", "fields": {"change_message": "", "object_id": "1", "action_flag": 3, "action_time": "2014-06-08T22:50:42.063Z", "content_type": 42, "user": 1, "object_repr": "Jun 8, 2014 at  4:43PM"}, "pk": 60}, {"model": "admin.logentry", "fields": {"change_message": "", "object_id": "4", "action_flag": 3, "action_time": "2014-06-09T00:44:22.065Z", "content_type": 42, "user": 1, "object_repr": "Jun 8, 2014 at 10:54PM"}, "pk": 61}, {"model": "admin.logentry", "fields": {"change_message": "", "object_id": "3", "action_flag": 3, "action_time": "2014-06-09T00:44:22.082Z", "content_type": 42, "user": 1, "object_repr": "Jun 8, 2014 at 10:53PM"}, "pk": 62}, {"model": "admin.logentry", "fields": {"change_message": "", "object_id": "2", "action_flag": 3, "action_time": "2014-06-09T00:44:22.132Z", "content_type": 42, "user": 1, "object_repr": "Jun 8, 2014 at 10:51PM"}, "pk": 63}, {"model": "admin.logentry", "fields": {"change_message": "", "object_id": "1", "action_flag": 3, "action_time": "2014-06-09T00:44:22.173Z", "content_type": 42, "user": 1, "object_repr": "Jun 8, 2014 at 10:51PM"}, "pk": 64}, {"model": "admin.logentry", "fields": {"change_message": "", "object_id": "4", "action_flag": 3, "action_time": "2014-06-09T22:19:00.509Z", "content_type": 42, "user": 1, "object_repr": "Jun 9, 2014 at  9:39PM"}, "pk": 65}, {"model": "admin.logentry", "fields": {"change_message": "", "object_id": "3", "action_flag": 3, "action_time": "2014-06-09T22:19:00.525Z", "content_type": 42, "user": 1, "object_repr": "Jun 9, 2014 at  9:39PM"}, "pk": 66}, {"model": "admin.logentry", "fields": {"change_message": "", "object_id": "2", "action_flag": 3, "action_time": "2014-06-09T22:19:00.574Z", "content_type": 42, "user": 1, "object_repr": "Jun 9, 2014 at  9:36PM"}, "pk": 67}, {"model": "admin.logentry", "fields": {"change_message": "", "object_id": "1", "action_flag": 3, "action_time": "2014-06-09T22:19:00.618Z", "content_type": 42, "user": 1, "object_repr": "Jun 9, 2014 at  7:17PM"}, "pk": 68}, {"model": "admin.logentry", "fields": {"change_message": "", "object_id": "3", "action_flag": 3, "action_time": "2014-06-10T00:58:09.373Z", "content_type": 42, "user": 1, "object_repr": "Jun 10, 2014 at 12:57AM"}, "pk": 69}, {"model": "admin.logentry", "fields": {"change_message": "", "object_id": "2", "action_flag": 3, "action_time": "2014-06-10T00:58:09.389Z", "content_type": 42, "user": 1, "object_repr": "Jun 10, 2014 at 12:56AM"}, "pk": 70}, {"model": "admin.logentry", "fields": {"change_message": "", "object_id": "1", "action_flag": 3, "action_time": "2014-06-10T00:58:09.429Z", "content_type": 42, "user": 1, "object_repr": "Jun 10, 2014 at 12:55AM"}, "pk": 71}, {"model": "admin.logentry", "fields": {"change_message": "", "object_id": "8", "action_flag": 3, "action_time": "2014-06-10T18:49:59.808Z", "content_type": 37, "user": 1, "object_repr": "Yarr (Form 1)"}, "pk": 72}, {"model": "admin.logentry", "fields": {"change_message": "", "object_id": "4", "action_flag": 3, "action_time": "2014-06-10T18:50:30.562Z", "content_type": 42, "user": 1, "object_repr": "Jun 10, 2014 at  6:47PM"}, "pk": 73}, {"model": "admin.logentry", "fields": {"change_message": "", "object_id": "4", "action_flag": 3, "action_time": "2014-06-10T18:51:47.963Z", "content_type": 42, "user": 1, "object_repr": "Jun 10, 2014 at  6:50PM"}, "pk": 74}, {"model": "admin.logentry", "fields": {"change_message": "", "object_id": "16", "action_flag": 3, "action_time": "2014-06-10T19:56:02.703Z", "content_type": 32, "user": 1, "object_repr": "Doing it over again (copy)"}, "pk": 75}, {"model": "admin.logentry", "fields": {"change_message": "", "object_id": "15", "action_flag": 3, "action_time": "2014-06-10T19:56:02.720Z", "content_type": 32, "user": 1, "object_repr": "Doing it over again (copy)"}, "pk": 76}, {"model": "admin.logentry", "fields": {"change_message": "", "object_id": "14", "action_flag": 3, "action_time": "2014-06-10T19:56:02.766Z", "content_type": 32, "user": 1, "object_repr": "Doing it over again (copy)"}, "pk": 77}, {"model": "admin.logentry", "fields": {"change_message": "", "object_id": "13", "action_flag": 3, "action_time": "2014-06-10T19:56:02.804Z", "content_type": 32, "user": 1, "object_repr": "From Scratch (copy)"}, "pk": 78}, {"model": "admin.logentry", "fields": {"change_message": "", "object_id": "12", "action_flag": 3, "action_time": "2014-06-10T19:56:02.836Z", "content_type": 32, "user": 1, "object_repr": "From Scratch (copy)"}, "pk": 79}, {"model": "admin.logentry", "fields": {"change_message": "", "object_id": "11", "action_flag": 3, "action_time": "2014-06-10T19:56:02.870Z", "content_type": 32, "user": 1, "object_repr": "From Scratch (copy)"}, "pk": 80}, {"model": "admin.logentry", "fields": {"change_message": "", "object_id": "10", "action_flag": 3, "action_time": "2014-06-10T19:56:02.902Z", "content_type": 32, "user": 1, "object_repr": "From Scratch (copy)"}, "pk": 81}, {"model": "admin.logentry", "fields": {"change_message": "", "object_id": "9", "action_flag": 3, "action_time": "2014-06-10T19:56:02.941Z", "content_type": 32, "user": 1, "object_repr": "From Scratch"}, "pk": 82}, {"model": "admin.logentry", "fields": {"change_message": "", "object_id": "8", "action_flag": 3, "action_time": "2014-06-10T19:56:02.964Z", "content_type": 32, "user": 1, "object_repr": "Here we go (copy)"}, "pk": 83}, {"model": "admin.logentry", "fields": {"change_message": "", "object_id": "7", "action_flag": 3, "action_time": "2014-06-10T19:56:03.008Z", "content_type": 32, "user": 1, "object_repr": "Here we go"}, "pk": 84}, {"model": "admin.logentry", "fields": {"change_message": "", "object_id": "6", "action_flag": 3, "action_time": "2014-06-10T19:56:03.035Z", "content_type": 32, "user": 1, "object_repr": "Here we go"}, "pk": 85}, {"model": "admin.logentry", "fields": {"change_message": "", "object_id": "5", "action_flag": 3, "action_time": "2014-06-10T19:56:03.062Z", "content_type": 32, "user": 1, "object_repr": "Here we go"}, "pk": 86}, {"model": "admin.logentry", "fields": {"change_message": "", "object_id": "4", "action_flag": 3, "action_time": "2014-06-10T19:56:03.089Z", "content_type": 32, "user": 1, "object_repr": "Doing it over again"}, "pk": 87}, {"model": "admin.logentry", "fields": {"change_message": "", "object_id": "3", "action_flag": 3, "action_time": "2014-06-10T19:56:03.132Z", "content_type": 32, "user": 1, "object_repr": "Doing it over again"}, "pk": 88}, {"model": "admin.logentry", "fields": {"change_message": "", "object_id": "3", "action_flag": 3, "action_time": "2014-06-10T19:56:17.284Z", "content_type": 42, "user": 1, "object_repr": "Jun 10, 2014 at 12:58AM"}, "pk": 89}, {"model": "admin.logentry", "fields": {"change_message": "", "object_id": "2", "action_flag": 3, "action_time": "2014-06-10T19:56:17.302Z", "content_type": 42, "user": 1, "object_repr": "Jun 10, 2014 at 12:58AM"}, "pk": 90}, {"model": "admin.logentry", "fields": {"change_message": "", "object_id": "1", "action_flag": 3, "action_time": "2014-06-10T19:56:34.574Z", "content_type": 37, "user": 1, "object_repr": "Exam 1 (Form A)"}, "pk": 91}]